-- Report Migration Script
BEGIN;

DELETE FROM rpt_chart;
DELETE FROM rpt_field_permission;
DELETE FROM rpt_permission;
DELETE FROM rpt_filter;
DELETE FROM rpt_sort;
DELETE FROM rpt_bookmark;
DELETE FROM rpt_execution_log;
DELETE FROM rpt_field;
DELETE FROM rpt_report;
DELETE FROM rpt_category;

SELECT setval('rpt_category_id_seq', 1, false);
INSERT INTO rpt_category (id, name, sort_order) VALUES (1, '销售', 10);
INSERT INTO rpt_category (id, name, sort_order) VALUES (2, '采购', 20);
INSERT INTO rpt_category (id, name, sort_order) VALUES (3, '库存', 30);
INSERT INTO rpt_category (id, name, sort_order) VALUES (4, '应收', 40);
INSERT INTO rpt_category (id, name, parent_id, sort_order) VALUES (5, '明细表', NULL, 10);
INSERT INTO rpt_category (id, name, parent_id, sort_order) VALUES (6, '汇总表', NULL, 20);
INSERT INTO rpt_category (id, name, parent_id, sort_order) VALUES (7, '销售-明细表', 1, 7);
INSERT INTO rpt_category (id, name, parent_id, sort_order) VALUES (8, '销售-汇总表', 1, 8);
INSERT INTO rpt_category (id, name, parent_id, sort_order) VALUES (9, '采购-明细表', 2, 9);
INSERT INTO rpt_category (id, name, parent_id, sort_order) VALUES (10, '采购-汇总表', 2, 10);
INSERT INTO rpt_category (id, name, parent_id, sort_order) VALUES (11, '库存-明细表', 3, 11);
INSERT INTO rpt_category (id, name, parent_id, sort_order) VALUES (12, '库存-汇总表', 3, 12);
INSERT INTO rpt_category (id, name, parent_id, sort_order) VALUES (13, '应收-明细表', 4, 13);
INSERT INTO rpt_category (id, name, parent_id, sort_order) VALUES (14, '应收-汇总表', 4, 14);
SELECT setval('rpt_category_id_seq', 14, true);

-- Reports
INSERT INTO rpt_report (id, name, title, description, category_id, query_type, query_text, query_datasource, is_system, status, is_deleted, created_at, created_by, updated_at, updated_by) VALUES (1, '销售发货单明细表', '发货明细表', '销售发货单明细表', 7, 'sql', 'select dl.ddate,dl.cdlcode,dl.cCusName,dl.dcreatesystime,case when (CHARINDEX(''('', cus.cCusAbbName)>0 and  CHARINDEX('')'', cus.cCusAbbName)>0 ) 
then SUBSTRING(cus.cCusAbbName,CHARINDEX(''('', cus.cCusAbbName)+1, CHARINDEX('')'', cus.cCusAbbName)-1-CHARINDEX(''('', cus.cCusAbbName)) --cus.cCusAbbName 
else cus.cCusAbbName end as ''CusAbbName''
,cus.ccusperson,wh.cwhcode,wh.cWhName,inv.cInvCode,inv.cInvName,inv.cinvstd,dls.iquantity,dls.iNum,dls.iTaxUnitPrice,dls.iSum,dl.cVerifier,dl.cshipAddress 
from DispatchList as dl
LEFT JOIN DispatchLists as dls on dl.dlid = dls.DLID
LEFT JOIN Customer as cus on cus.ccuscode = dl.cCusCode
LEFT JOIN Inventory as inv on inv.cInvCode = dls.cInvCode
LEFT JOIN InventoryClass as invcls on inv.cInvCCode = invcls.cInvCCode
LEFT JOIN DistrictClass as dc on cus.cDCCode = dc.cDCCode
LEFT JOIN WareHouse as wh on wh.cWhCode = dls.cWhCode
where 1 = 1', 'main', FALSE, 'published', FALSE, NOW(), 1, NOW(), 1);
INSERT INTO rpt_report (id, name, title, description, category_id, query_type, query_text, query_datasource, is_system, status, is_deleted, created_at, created_by, updated_at, updated_by) VALUES (2, '销售发货汇总表', '销售发货汇总表', '销售发货单汇总，透视', 8, 'sql', 'SELECT year(dl.ddate) as ''年'',month(dl.ddate) as ''月'',dc.cdcname as ''地区'',p.cpersonname as ''客户经理'',cus.cCusName as ''客户名称''
,case when (CHARINDEX(''('', cus.cCusAbbName)>0 and  CHARINDEX('')'', cus.cCusAbbName)>0 ) 
		then SUBSTRING(cus.cCusAbbName,CHARINDEX(''('', cus.cCusAbbName)+1, CHARINDEX('')'', cus.cCusAbbName)-1-CHARINDEX(''('', cus.cCusAbbName))
		else cus.cCusAbbName end as ''客户简称'',dl.cShipAddress as ''发货地址''
,cus.cCusPerson as ''联系人'',wh.cWhName as ''仓库'',
invtopcls.cInvCName as ''存货顶级分类'',inv.cInvName ''存货名称'',invcls.cInvCCode as ''存货分类编码'',invcls.cInvCName as ''存货分类'',
iQuantity as ''数量'',iNum as ''件数'',isum as ''金额''
from DispatchList as dl LEFT JOIN DispatchLists as dls on dl.dlid = dls.DLID
LEFT JOIN Inventory as inv on inv.cinvcode = dls.cInvCode 
LEFT JOIN ComputationUnit as cu on inv.cComUnitCode = cu.cComunitCode
LEFT JOIN Customer as cus on cus.ccuscode = dl.cCusCode
LEFT JOIN Person as p on p.cpersoncode = dl.cPersonCode
LEFT JOIN DistrictClass as dc on dc.cdccode = cus.cdccode
LEFT JOIN InventoryClass as invcls on invcls.cinvccode = inv.cinvccode
LEFT JOIN InventoryClass as invtopcls on left(invcls.cInvCCode,2) = invtopcls.cInvCCode
LEFT JOIN Warehouse as wh on wh.cWhCode = dls.cWhCode
where 1 = 1 --and dc.cDCName like ''%济南%''
', 'main', FALSE, 'published', FALSE, NOW(), 1, NOW(), 1);
INSERT INTO rpt_report (id, name, title, description, category_id, query_type, query_text, query_datasource, is_system, status, is_deleted, created_at, created_by, updated_at, updated_by) VALUES (3, '销售订单汇总表', '销售订单汇总表', '销售订单 汇总表 透视表', 8, 'sql', 'SELECT year(som.ddate) as ''年'',month(som.ddate) as ''月'',dc.cdcname as ''地区'',p.cpersonname as ''客户经理'',cus.cCusName as ''客户名称''
,case when (CHARINDEX(''('', cus.cCusAbbName)>0 and  CHARINDEX('')'', cus.cCusAbbName)>0 ) 
		then SUBSTRING(cus.cCusAbbName,CHARINDEX(''('', cus.cCusAbbName)+1, CHARINDEX('')'', cus.cCusAbbName)-1-CHARINDEX(''('', cus.cCusAbbName))
		else cus.cCusAbbName end as ''客户简称''
,cus.cCusPerson as ''联系人'','''' as ''仓库'',
invtopcls.cInvCName as ''存货顶级分类'',inv.cInvName ''存货名称'',invcls.cInvCCode as ''存货分类编码'',invcls.cInvCName as ''存货分类'',
iQuantity as ''数量'',isum as ''金额''
from SO_SOMain as som LEFT JOIN SO_SODetails as sod on som.id = sod.ID
LEFT JOIN Inventory as inv on inv.cinvcode = sod.cInvCode 
LEFT JOIN ComputationUnit as cu on inv.cComUnitCode = cu.cComunitCode
LEFT JOIN Customer as cus on cus.ccuscode = som.cCusCode
LEFT JOIN Person as p on p.cpersoncode = som.cPersonCode
LEFT JOIN DistrictClass as dc on dc.cdccode = cus.cdccode
LEFT JOIN InventoryClass as invcls on invcls.cinvccode = inv.cinvccode
LEFT JOIN InventoryClass as invtopcls on left(invcls.cInvCCode,2) = invtopcls.cInvCCode
where 1 = 1 and dc.cDCName not like ''%济南%''', 'main', FALSE, 'published', FALSE, NOW(), 1, NOW(), 1);
INSERT INTO rpt_report (id, name, title, description, category_id, query_type, query_text, query_datasource, is_system, status, is_deleted, created_at, created_by, updated_at, updated_by) VALUES (10002, '当年发货成本汇总表', '当年发货成本汇总表', '销售发货成本汇总表。成本取数规则：如果存货核算总帐中结存数量不为0，取当前查询日期前存货核算最后的成本单价；如果结存数量为0，取最后一次入库单上的成本单价。saveTest1', 8, 'sql', '--销售发货成本明细表
select dl.ddate as ''日期'',dl.cdlcode as ''发货单号'',dl.cCusName as ''客户名称''
,wh.cwhcode as ''仓库编码'',wh.cWhName as ''仓库名称'',inv.cInvCode as ''存货编码'',inv.cInvName as ''存货名称'',inv.cinvstd as ''型号''
,dls.iquantity as ''数量'',dls.iNum as ''件数'',(
select case when (0<>( SELECT top 1 CASE   WHEN isnull(iNum,0)<>0 --当结存数量不为0时，计算存货成本
THEN isnull(iMoney,0)/iNum ELSE 0 END FROM  dbo.IA_Summary
WHERE cInvCode = dls.cinvcode AND cWhCode = dls.cwhcode order by IA_Summary.iMonth desc))
then (SELECT top 1 CASE WHEN isnull(iNum,0)<>0 --当结存数量不为0时，计算存货成本
THEN isnull(iMoney,0)/iNum ELSE 0 END  FROM  dbo.IA_Summary
WHERE  (1 = 1) AND (cInvCode = dls.cinvcode) AND (cWhCode = dls.cwhcode) order by IA_Summary.iMonth desc)
ELSE (select top 1 ISNULL(rds.iUnitCost,0) from rdrecord as rd --取存货最后一次入库成本
left join rdrecords as rds on rd.id = rds.id
where brdflag = 1 and rds.cinvcode = dls.cinvcode and rd.cwhcode = dls.cwhcode
order by rd.ddate desc ) END )AS  ''成本单价'',(
select dls.iQuantity * case when (0<>( SELECT top 1 CASE 
WHEN isnull(iNum,0)<>0 --当结存数量不为0时，计算存货成本
THEN isnull(iMoney,0)/iNum ELSE 0 END FROM  dbo.IA_Summary
WHERE  (1 = 1) AND (cInvCode = dls.cinvcode) AND (cWhCode = dls.cwhcode) order by IA_Summary.iMonth desc))
then (SELECT top 1 CASE WHEN isnull(iNum,0)<>0 --当结存数量不为0时，计算存货成本
THEN isnull(iMoney,0)/iNum ELSE 0 END FROM  dbo.IA_Summary
WHERE  (1 = 1) AND (cInvCode = dls.cinvcode) AND (cWhCode = dls.cwhcode) order by IA_Summary.iMonth desc)
ELSE (select top 1 ISNULL(rds.iUnitCost,0) from rdrecord as rd --取存货最后一次入库成本
left join rdrecords as rds on rd.id = rds.id where brdflag = 1 and rds.cinvcode = dls.cinvcode and rd.cwhcode = dls.cwhcode
order by rd.ddate desc ) END )AS  ''成本''
from DispatchList as dl
LEFT JOIN DispatchLists as dls on dl.dlid = dls.DLID
LEFT JOIN Customer as cus on cus.ccuscode = dl.cCusCode
LEFT JOIN Inventory as inv on inv.cInvCode = dls.cInvCode
LEFT JOIN InventoryClass as invcls on inv.cInvCCode = invcls.cInvCCode
LEFT JOIN DistrictClass as dc on cus.cDCCode = dc.cDCCode
LEFT JOIN Warehouse as wh on wh.cwhcode = dls.cWhCode
where 1 = 1
and year(dl.ddate) = year(getdate())', 'main', FALSE, 'published', FALSE, NOW(), 1, NOW(), 1);
INSERT INTO rpt_report (id, name, title, description, category_id, query_type, query_text, query_datasource, is_system, status, is_deleted, created_at, created_by, updated_at, updated_by) VALUES (20002, '本地销售平均量', '本地销售平均量', '本地销售平均量', 8, 'sql', 'select cast(year(dl.ddate) as nvarchar) + ''-'' + cast(month(dl.dDate) as nvarchar) as ''年月''
,wh.cwhName,invcls.cInvCName,inv.cInvStd,dls.iquantity
from DispatchList as dl
LEFT JOIN DispatchLists as dls on dl.dlid = dls.DLID
LEFT JOIN Customer as cus on cus.ccuscode = dl.cCusCode
LEFT JOIN Inventory as inv on inv.cInvCode = dls.cInvCode
LEFT JOIN InventoryClass as invcls on inv.cInvCCode = invcls.cInvCCode
LEFT JOIN DistrictClass as dc on cus.cDCCode = dc.cDCCode
LEFT JOIN WareHouse as wh on wh.cWhCode = dls.cWhCode
where 1 = 1', 'main', FALSE, 'published', FALSE, NOW(), 1, NOW(), 1);
INSERT INTO rpt_report (id, name, title, description, category_id, query_type, query_text, query_datasource, is_system, status, is_deleted, created_at, created_by, updated_at, updated_by) VALUES (30002, '当年发货成本计算定时数据', '当年发货成本计算-定时', '模拟ERP存货核算记帐过程,计算当前结帐月后的发货成本.
定时数据，查询快，定时：8，11，14，17，20', 8, 'sql', '--exec dflproc_ex_accountingCost
exec dflproc_report_accountingCost', 'main', FALSE, 'published', FALSE, NOW(), 1, NOW(), 1);
INSERT INTO rpt_report (id, name, title, description, category_id, query_type, query_text, query_datasource, is_system, status, is_deleted, created_at, created_by, updated_at, updated_by) VALUES (30003, '应收明细帐', '应收明细帐', '应收明细帐dflproc_
AR_MX_Accouting @cusCode=''0538sysm'',@iMonth=11,@cusName=''''', 13, 'proc', 'dflproc_AR_MX_Accouting', 'main', FALSE, 'published', FALSE, NOW(), 1, NOW(), 1);
INSERT INTO rpt_report (id, name, title, description, category_id, query_type, query_text, query_datasource, is_system, status, is_deleted, created_at, created_by, updated_at, updated_by) VALUES (30004, '应收余额表', '应收余额表', '应收余额表_银行', 13, 'proc', 'dflproc_AR_MX_Accouting_ufida_forBank', 'main', FALSE, 'published', FALSE, NOW(), 1, NOW(), 1);
INSERT INTO rpt_report (id, name, title, description, category_id, query_type, query_text, query_datasource, is_system, status, is_deleted, created_at, created_by, updated_at, updated_by) VALUES (30005, '总账余额表', '总账余额表', '总账余额表1133', 13, 'sql', 'ufdata_006_2018.dbo.GL_P_FSEYEB_1133_ForBank', 'main', FALSE, 'published', FALSE, NOW(), 1, NOW(), 1);
INSERT INTO rpt_report (id, name, title, description, category_id, query_type, query_text, query_datasource, is_system, status, is_deleted, created_at, created_by, updated_at, updated_by) VALUES (30006, '当年发货成本计算实时数据', '当年发货成本计算-实时', '模拟ERP存货核算记帐过程,计算当前结帐月后的发货成本.
实时数据，查询过程慢', 8, 'proc', 'exec dflproc_ex_accountingCost
exec dflproc_report_accountingCost', 'main', FALSE, 'published', FALSE, NOW(), 1, NOW(), 1);
INSERT INTO rpt_report (id, name, title, description, category_id, query_type, query_text, query_datasource, is_system, status, is_deleted, created_at, created_by, updated_at, updated_by) VALUES (40004, '存货分布表_最新成本', '存货分布表_最新成本', '存货分布表_最新成本
exec dflproc_ST_InventoryDistributionTable_LastCost @sDate,@eDate', 12, 'proc', 'dflproc_ST_InventoryDistributionTable_LastCost', 'main', FALSE, 'published', FALSE, NOW(), 1, NOW(), 1);
INSERT INTO rpt_report (id, name, title, description, category_id, query_type, query_text, query_datasource, is_system, status, is_deleted, created_at, created_by, updated_at, updated_by) VALUES (40005, '存货分布表_计算成本', '存货分布表_计算成本', '存货分布表_计算成本
exec dflproc_ST_InventoryDistributionTable_LastCost @sDate,@eDate', 12, 'proc', 'dflproc_ST_InventoryDistributionTable_LastCost', 'main', FALSE, 'published', FALSE, NOW(), 1, NOW(), 1);
INSERT INTO rpt_report (id, name, title, description, category_id, query_type, query_text, query_datasource, is_system, status, is_deleted, created_at, created_by, updated_at, updated_by) VALUES (40006, '存货分布明细表', '存货分布明细表', '存货分布明细表
exec dflproc_ST_InventoryDistributionTable_LastCost @sDate,@eDate', 11, 'proc', 'dflproc_ST_InventoryDistributionTable_LastCost', 'main', FALSE, 'published', FALSE, NOW(), 1, NOW(), 1);
INSERT INTO rpt_report (id, name, title, description, category_id, query_type, query_text, query_datasource, is_system, status, is_deleted, created_at, created_by, updated_at, updated_by) VALUES (40007, '销售订单明细表_含折扣', '销售订单明细表_含折扣', '销售订单明细表_含折扣0002002', 7, 'proc', 'dflproc_SOListWithZK ', 'main', FALSE, 'published', FALSE, NOW(), 1, NOW(), 1);
SELECT setval('rpt_report_id_seq', 40007, true);

-- Fields
INSERT INTO rpt_field (id, report_id, field_name, field_title, field_type, sort_order, width, align, is_display, is_sortable, is_filterable) VALUES (1, 1, 'cdlcode', '发货单号', 'string', 1, 120, 'left', TRUE, TRUE, FALSE);
INSERT INTO rpt_field (id, report_id, field_name, field_title, field_type, sort_order, width, align, is_display, is_sortable, is_filterable) VALUES (2, 1, 'ddate', '单据日期', 'string', 2, 120, 'left', TRUE, TRUE, FALSE);
INSERT INTO rpt_field (id, report_id, field_name, field_title, field_type, sort_order, width, align, is_display, is_sortable, is_filterable) VALUES (3, 1, 'ccusname', '客户', 'string', 3, 120, 'left', TRUE, TRUE, FALSE);
INSERT INTO rpt_field (id, report_id, field_name, field_title, field_type, sort_order, width, align, is_display, is_sortable, is_filterable) VALUES (4, 1, 'cwhname', '仓库', 'string', 4, 120, 'left', TRUE, TRUE, FALSE);
INSERT INTO rpt_field (id, report_id, field_name, field_title, field_type, sort_order, width, align, is_display, is_sortable, is_filterable) VALUES (5, 1, 'cinvcode', '存货编码', 'string', 5, 120, 'left', TRUE, TRUE, FALSE);
INSERT INTO rpt_field (id, report_id, field_name, field_title, field_type, sort_order, width, align, is_display, is_sortable, is_filterable) VALUES (6, 1, 'cinvname', '存货名称', 'string', 6, 120, 'left', TRUE, TRUE, FALSE);
INSERT INTO rpt_field (id, report_id, field_name, field_title, field_type, sort_order, width, align, is_display, is_sortable, is_filterable) VALUES (7, 1, 'cinvstd', '存货型号', 'string', 7, 120, 'left', TRUE, TRUE, FALSE);
INSERT INTO rpt_field (id, report_id, field_name, field_title, field_type, sort_order, width, align, is_display, is_sortable, is_filterable) VALUES (8, 1, 'iquantity', '数量', 'string', 8, 120, 'left', TRUE, TRUE, FALSE);
INSERT INTO rpt_field (id, report_id, field_name, field_title, field_type, sort_order, width, align, is_display, is_sortable, is_filterable) VALUES (9, 1, 'iTaxUnitPrice', '单价', 'string', 9, 120, 'left', TRUE, TRUE, FALSE);
INSERT INTO rpt_field (id, report_id, field_name, field_title, field_type, sort_order, width, align, is_display, is_sortable, is_filterable) VALUES (10, 1, 'iSum', '金额', 'string', 10, 120, 'left', TRUE, TRUE, FALSE);
INSERT INTO rpt_field (id, report_id, field_name, field_title, field_type, sort_order, width, align, is_display, is_sortable, is_filterable) VALUES (11, 1, 'ccusAbbName', '客户简称', 'string', 11, 120, 'left', TRUE, TRUE, FALSE);
INSERT INTO rpt_field (id, report_id, field_name, field_title, field_type, sort_order, width, align, is_display, is_sortable, is_filterable) VALUES (12, 1, 'ccusPerson', '联系人', 'string', 12, 120, 'left', TRUE, TRUE, FALSE);
INSERT INTO rpt_field (id, report_id, field_name, field_title, field_type, sort_order, width, align, is_display, is_sortable, is_filterable) VALUES (13, 1, 'cshipAddress', '送货地址', 'string', 13, 120, 'left', TRUE, TRUE, FALSE);
INSERT INTO rpt_field (id, report_id, field_name, field_title, field_type, sort_order, width, align, is_display, is_sortable, is_filterable) VALUES (14, 1, 'dl.ddate', '单据日期', 'string', 15, 120, 'left', FALSE, TRUE, FALSE);
INSERT INTO rpt_field (id, report_id, field_name, field_title, field_type, sort_order, width, align, is_display, is_sortable, is_filterable) VALUES (15, 1, 'cus.iid', '', 'string', 901, 120, 'left', FALSE, TRUE, FALSE);
INSERT INTO rpt_field (id, report_id, field_name, field_title, field_type, sort_order, width, align, is_display, is_sortable, is_filterable) VALUES (16, 2, '年', '年', 'string', 1, 120, 'left', TRUE, TRUE, FALSE);
INSERT INTO rpt_field (id, report_id, field_name, field_title, field_type, sort_order, width, align, is_display, is_sortable, is_filterable) VALUES (17, 2, '月', '月', 'string', 2, 120, 'left', TRUE, TRUE, FALSE);
INSERT INTO rpt_field (id, report_id, field_name, field_title, field_type, sort_order, width, align, is_display, is_sortable, is_filterable) VALUES (18, 2, '地区', '地区', 'string', 3, 120, 'left', TRUE, TRUE, FALSE);
INSERT INTO rpt_field (id, report_id, field_name, field_title, field_type, sort_order, width, align, is_display, is_sortable, is_filterable) VALUES (19, 2, '客户经理', '客户经理', 'string', 4, 120, 'left', TRUE, TRUE, FALSE);
INSERT INTO rpt_field (id, report_id, field_name, field_title, field_type, sort_order, width, align, is_display, is_sortable, is_filterable) VALUES (20, 2, '客户名称', '客户开票名称', 'string', 5, 120, 'left', TRUE, TRUE, FALSE);
INSERT INTO rpt_field (id, report_id, field_name, field_title, field_type, sort_order, width, align, is_display, is_sortable, is_filterable) VALUES (21, 2, '客户简称', '客户简称', 'string', 6, 120, 'left', TRUE, TRUE, FALSE);
INSERT INTO rpt_field (id, report_id, field_name, field_title, field_type, sort_order, width, align, is_display, is_sortable, is_filterable) VALUES (22, 2, '联系人', '联系人', 'string', 7, 120, 'left', TRUE, TRUE, FALSE);
INSERT INTO rpt_field (id, report_id, field_name, field_title, field_type, sort_order, width, align, is_display, is_sortable, is_filterable) VALUES (23, 2, '仓库', '仓库', 'string', 8, 120, 'left', TRUE, TRUE, FALSE);
INSERT INTO rpt_field (id, report_id, field_name, field_title, field_type, sort_order, width, align, is_display, is_sortable, is_filterable) VALUES (24, 2, '存货顶级分类', '存货顶级分类', 'string', 9, 120, 'left', TRUE, TRUE, FALSE);
INSERT INTO rpt_field (id, report_id, field_name, field_title, field_type, sort_order, width, align, is_display, is_sortable, is_filterable) VALUES (25, 2, '存货分类编码', '存货分类编码', 'string', 10, 120, 'left', TRUE, TRUE, FALSE);
INSERT INTO rpt_field (id, report_id, field_name, field_title, field_type, sort_order, width, align, is_display, is_sortable, is_filterable) VALUES (26, 2, '存货分类', '存货分类', 'string', 11, 120, 'left', TRUE, TRUE, FALSE);
INSERT INTO rpt_field (id, report_id, field_name, field_title, field_type, sort_order, width, align, is_display, is_sortable, is_filterable) VALUES (27, 2, '存货名称', '存货名称', 'string', 12, 120, 'left', TRUE, TRUE, FALSE);
INSERT INTO rpt_field (id, report_id, field_name, field_title, field_type, sort_order, width, align, is_display, is_sortable, is_filterable) VALUES (28, 2, '数量', '数量', 'string', 13, 120, 'left', TRUE, TRUE, FALSE);
INSERT INTO rpt_field (id, report_id, field_name, field_title, field_type, sort_order, width, align, is_display, is_sortable, is_filterable) VALUES (29, 2, '金额', '金额', 'string', 14, 120, 'left', TRUE, TRUE, FALSE);
INSERT INTO rpt_field (id, report_id, field_name, field_title, field_type, sort_order, width, align, is_display, is_sortable, is_filterable) VALUES (30, 2, '发货地址', '发货地址', 'string', 15, 120, 'left', TRUE, TRUE, FALSE);
INSERT INTO rpt_field (id, report_id, field_name, field_title, field_type, sort_order, width, align, is_display, is_sortable, is_filterable) VALUES (31, 2, '单据日期', '单据日期', 'string', 16, 120, 'left', TRUE, TRUE, FALSE);
INSERT INTO rpt_field (id, report_id, field_name, field_title, field_type, sort_order, width, align, is_display, is_sortable, is_filterable) VALUES (32, 2, '件数', '件数', 'string', 17, 120, 'left', TRUE, TRUE, FALSE);
INSERT INTO rpt_field (id, report_id, field_name, field_title, field_type, sort_order, width, align, is_display, is_sortable, is_filterable) VALUES (33, 2, 'cus.iid', '', 'string', 901, 120, 'left', FALSE, TRUE, FALSE);
INSERT INTO rpt_field (id, report_id, field_name, field_title, field_type, sort_order, width, align, is_display, is_sortable, is_filterable) VALUES (34, 3, '年', '年', 'string', 1, 120, 'left', TRUE, TRUE, FALSE);
INSERT INTO rpt_field (id, report_id, field_name, field_title, field_type, sort_order, width, align, is_display, is_sortable, is_filterable) VALUES (35, 3, '月', '月', 'string', 2, 120, 'left', TRUE, TRUE, FALSE);
INSERT INTO rpt_field (id, report_id, field_name, field_title, field_type, sort_order, width, align, is_display, is_sortable, is_filterable) VALUES (36, 3, '地区', '地区', 'string', 3, 120, 'left', TRUE, TRUE, FALSE);
INSERT INTO rpt_field (id, report_id, field_name, field_title, field_type, sort_order, width, align, is_display, is_sortable, is_filterable) VALUES (37, 3, '客户经理', '客户经理', 'string', 4, 120, 'left', TRUE, TRUE, FALSE);
INSERT INTO rpt_field (id, report_id, field_name, field_title, field_type, sort_order, width, align, is_display, is_sortable, is_filterable) VALUES (38, 3, '客户名称', '客户开票名称', 'string', 5, 120, 'left', TRUE, TRUE, FALSE);
INSERT INTO rpt_field (id, report_id, field_name, field_title, field_type, sort_order, width, align, is_display, is_sortable, is_filterable) VALUES (39, 3, '客户简称', '客户简称', 'string', 6, 120, 'left', TRUE, TRUE, FALSE);
INSERT INTO rpt_field (id, report_id, field_name, field_title, field_type, sort_order, width, align, is_display, is_sortable, is_filterable) VALUES (40, 3, '联系人', '联系人', 'string', 7, 120, 'left', TRUE, TRUE, FALSE);
INSERT INTO rpt_field (id, report_id, field_name, field_title, field_type, sort_order, width, align, is_display, is_sortable, is_filterable) VALUES (41, 3, '仓库', '仓库', 'string', 8, 120, 'left', FALSE, TRUE, FALSE);
INSERT INTO rpt_field (id, report_id, field_name, field_title, field_type, sort_order, width, align, is_display, is_sortable, is_filterable) VALUES (42, 3, '存货顶级分类', '存货顶级分类', 'string', 9, 120, 'left', TRUE, TRUE, FALSE);
INSERT INTO rpt_field (id, report_id, field_name, field_title, field_type, sort_order, width, align, is_display, is_sortable, is_filterable) VALUES (43, 3, '存货分类编码', '存货分类编码', 'string', 10, 120, 'left', TRUE, TRUE, FALSE);
INSERT INTO rpt_field (id, report_id, field_name, field_title, field_type, sort_order, width, align, is_display, is_sortable, is_filterable) VALUES (44, 3, '存货分类', '存货分类', 'string', 11, 120, 'left', TRUE, TRUE, FALSE);
INSERT INTO rpt_field (id, report_id, field_name, field_title, field_type, sort_order, width, align, is_display, is_sortable, is_filterable) VALUES (45, 3, '存货名称', '存货名称', 'string', 12, 120, 'left', TRUE, TRUE, FALSE);
INSERT INTO rpt_field (id, report_id, field_name, field_title, field_type, sort_order, width, align, is_display, is_sortable, is_filterable) VALUES (46, 3, '数量', '数量', 'string', 13, 120, 'left', TRUE, TRUE, FALSE);
INSERT INTO rpt_field (id, report_id, field_name, field_title, field_type, sort_order, width, align, is_display, is_sortable, is_filterable) VALUES (47, 3, '金额', '金额', 'string', 14, 120, 'left', TRUE, TRUE, FALSE);
INSERT INTO rpt_field (id, report_id, field_name, field_title, field_type, sort_order, width, align, is_display, is_sortable, is_filterable) VALUES (48, 3, 'dl.ddate', '单据日期', 'string', 15, 120, 'left', FALSE, TRUE, FALSE);
INSERT INTO rpt_field (id, report_id, field_name, field_title, field_type, sort_order, width, align, is_display, is_sortable, is_filterable) VALUES (49, 3, 'cus.iid', '', 'string', 902, 120, 'left', FALSE, TRUE, FALSE);
INSERT INTO rpt_field (id, report_id, field_name, field_title, field_type, sort_order, width, align, is_display, is_sortable, is_filterable) VALUES (50, 10002, '日期', '发货日期', 'string', 1, 120, 'left', TRUE, TRUE, FALSE);
INSERT INTO rpt_field (id, report_id, field_name, field_title, field_type, sort_order, width, align, is_display, is_sortable, is_filterable) VALUES (51, 10002, '发货单号', '发货单号', 'string', 2, 120, 'left', TRUE, TRUE, FALSE);
INSERT INTO rpt_field (id, report_id, field_name, field_title, field_type, sort_order, width, align, is_display, is_sortable, is_filterable) VALUES (52, 10002, '仓库', '仓库', 'string', 3, 120, 'left', TRUE, TRUE, FALSE);
INSERT INTO rpt_field (id, report_id, field_name, field_title, field_type, sort_order, width, align, is_display, is_sortable, is_filterable) VALUES (53, 10002, '存货名称', '存货名称', 'string', 4, 120, 'left', TRUE, TRUE, FALSE);
INSERT INTO rpt_field (id, report_id, field_name, field_title, field_type, sort_order, width, align, is_display, is_sortable, is_filterable) VALUES (54, 10002, '数量', '数量', 'string', 5, 120, 'left', TRUE, TRUE, FALSE);
INSERT INTO rpt_field (id, report_id, field_name, field_title, field_type, sort_order, width, align, is_display, is_sortable, is_filterable) VALUES (55, 10002, '成本单价', '成本单价', 'string', 6, 120, 'left', TRUE, TRUE, FALSE);
INSERT INTO rpt_field (id, report_id, field_name, field_title, field_type, sort_order, width, align, is_display, is_sortable, is_filterable) VALUES (56, 10002, '成本', '成本', 'string', 7, 120, 'left', TRUE, TRUE, FALSE);
INSERT INTO rpt_field (id, report_id, field_name, field_title, field_type, sort_order, width, align, is_display, is_sortable, is_filterable) VALUES (57, 20002, '年月', '年月', 'string', 0, 120, 'left', TRUE, TRUE, FALSE);
INSERT INTO rpt_field (id, report_id, field_name, field_title, field_type, sort_order, width, align, is_display, is_sortable, is_filterable) VALUES (58, 20002, 'cwhName', '仓库名称', 'string', 0, 120, 'left', TRUE, TRUE, FALSE);
INSERT INTO rpt_field (id, report_id, field_name, field_title, field_type, sort_order, width, align, is_display, is_sortable, is_filterable) VALUES (59, 20002, 'cInvCName', '存货分类', 'string', 0, 120, 'left', TRUE, TRUE, FALSE);
INSERT INTO rpt_field (id, report_id, field_name, field_title, field_type, sort_order, width, align, is_display, is_sortable, is_filterable) VALUES (60, 20002, 'cInvStd', '存货型号', 'string', 0, 120, 'left', TRUE, TRUE, FALSE);
INSERT INTO rpt_field (id, report_id, field_name, field_title, field_type, sort_order, width, align, is_display, is_sortable, is_filterable) VALUES (61, 20002, 'iquantity', '数量', 'string', 0, 120, 'left', TRUE, TRUE, FALSE);
INSERT INTO rpt_field (id, report_id, field_name, field_title, field_type, sort_order, width, align, is_display, is_sortable, is_filterable) VALUES (62, 30002, '序号', '序号', 'string', 1, 120, 'left', TRUE, TRUE, FALSE);
INSERT INTO rpt_field (id, report_id, field_name, field_title, field_type, sort_order, width, align, is_display, is_sortable, is_filterable) VALUES (63, 30002, '日期', '日期', 'string', 2, 120, 'left', TRUE, TRUE, FALSE);
INSERT INTO rpt_field (id, report_id, field_name, field_title, field_type, sort_order, width, align, is_display, is_sortable, is_filterable) VALUES (64, 30002, '方向(1入0结-1出)', '方向(1入0结-1出)', 'string', 3, 120, 'left', TRUE, TRUE, FALSE);
INSERT INTO rpt_field (id, report_id, field_name, field_title, field_type, sort_order, width, align, is_display, is_sortable, is_filterable) VALUES (65, 30002, '业务类型', '业务类型', 'string', 4, 120, 'left', TRUE, TRUE, FALSE);
INSERT INTO rpt_field (id, report_id, field_name, field_title, field_type, sort_order, width, align, is_display, is_sortable, is_filterable) VALUES (66, 30002, '单据编号', '单据编号', 'string', 5, 120, 'left', TRUE, TRUE, FALSE);
INSERT INTO rpt_field (id, report_id, field_name, field_title, field_type, sort_order, width, align, is_display, is_sortable, is_filterable) VALUES (67, 30002, '仓库编码', '仓库编码', 'string', 6, 120, 'left', TRUE, TRUE, FALSE);
INSERT INTO rpt_field (id, report_id, field_name, field_title, field_type, sort_order, width, align, is_display, is_sortable, is_filterable) VALUES (68, 30002, '存货编码', '存货编码', 'string', 7, 120, 'left', TRUE, TRUE, FALSE);
INSERT INTO rpt_field (id, report_id, field_name, field_title, field_type, sort_order, width, align, is_display, is_sortable, is_filterable) VALUES (69, 30002, '存货名称', '存货名称', 'string', 8, 120, 'left', TRUE, TRUE, FALSE);
INSERT INTO rpt_field (id, report_id, field_name, field_title, field_type, sort_order, width, align, is_display, is_sortable, is_filterable) VALUES (70, 30002, '存货型号', '存货型号', 'string', 9, 120, 'left', TRUE, TRUE, FALSE);
INSERT INTO rpt_field (id, report_id, field_name, field_title, field_type, sort_order, width, align, is_display, is_sortable, is_filterable) VALUES (71, 30002, '数量', '数量', 'string', 10, 120, 'left', TRUE, TRUE, FALSE);
INSERT INTO rpt_field (id, report_id, field_name, field_title, field_type, sort_order, width, align, is_display, is_sortable, is_filterable) VALUES (72, 30002, '成本单价', '成本单价', 'string', 11, 120, 'left', TRUE, TRUE, FALSE);
INSERT INTO rpt_field (id, report_id, field_name, field_title, field_type, sort_order, width, align, is_display, is_sortable, is_filterable) VALUES (73, 30002, '成本金额', '成本金额', 'string', 12, 120, 'left', TRUE, TRUE, FALSE);
INSERT INTO rpt_field (id, report_id, field_name, field_title, field_type, sort_order, width, align, is_display, is_sortable, is_filterable) VALUES (74, 30002, '结存数量', '结存数量', 'string', 13, 120, 'left', TRUE, TRUE, FALSE);
INSERT INTO rpt_field (id, report_id, field_name, field_title, field_type, sort_order, width, align, is_display, is_sortable, is_filterable) VALUES (75, 30002, '结存金额', '结存金额', 'string', 14, 120, 'left', TRUE, TRUE, FALSE);
INSERT INTO rpt_field (id, report_id, field_name, field_title, field_type, sort_order, width, align, is_display, is_sortable, is_filterable) VALUES (76, 30002, '单据来源', '单据来源', 'string', 15, 120, 'left', TRUE, TRUE, FALSE);
INSERT INTO rpt_field (id, report_id, field_name, field_title, field_type, sort_order, width, align, is_display, is_sortable, is_filterable) VALUES (77, 30002, '成本计算', '成本计算', 'string', 16, 120, 'left', TRUE, TRUE, FALSE);
INSERT INTO rpt_field (id, report_id, field_name, field_title, field_type, sort_order, width, align, is_display, is_sortable, is_filterable) VALUES (78, 30002, '本单金额', '本单金额', 'string', 17, 120, 'left', TRUE, TRUE, FALSE);
INSERT INTO rpt_field (id, report_id, field_name, field_title, field_type, sort_order, width, align, is_display, is_sortable, is_filterable) VALUES (79, 30003, 'iYear', '年', 'string', 0, 120, 'left', TRUE, TRUE, FALSE);
INSERT INTO rpt_field (id, report_id, field_name, field_title, field_type, sort_order, width, align, is_display, is_sortable, is_filterable) VALUES (80, 30003, 'iMonth', '月', 'string', 0, 120, 'left', TRUE, TRUE, FALSE);
INSERT INTO rpt_field (id, report_id, field_name, field_title, field_type, sort_order, width, align, is_display, is_sortable, is_filterable) VALUES (81, 30003, 'iDay', '日', 'string', 0, 120, 'left', TRUE, TRUE, FALSE);
INSERT INTO rpt_field (id, report_id, field_name, field_title, field_type, sort_order, width, align, is_display, is_sortable, is_filterable) VALUES (82, 30003, 'cPzNum', '凭证', 'string', 0, 120, 'left', TRUE, TRUE, FALSE);
INSERT INTO rpt_field (id, report_id, field_name, field_title, field_type, sort_order, width, align, is_display, is_sortable, is_filterable) VALUES (83, 30003, 'cDwCode', '客户编码', 'string', 0, 120, 'left', TRUE, TRUE, FALSE);
INSERT INTO rpt_field (id, report_id, field_name, field_title, field_type, sort_order, width, align, is_display, is_sortable, is_filterable) VALUES (84, 30003, 'cDwName', '客户名称', 'string', 0, 120, 'left', TRUE, TRUE, FALSE);
INSERT INTO rpt_field (id, report_id, field_name, field_title, field_type, sort_order, width, align, is_display, is_sortable, is_filterable) VALUES (85, 30003, 'dgst', '摘要', 'string', 0, 120, 'left', TRUE, TRUE, FALSE);
INSERT INTO rpt_field (id, report_id, field_name, field_title, field_type, sort_order, width, align, is_display, is_sortable, is_filterable) VALUES (86, 30003, 'cOrderNo', '订单号', 'string', 0, 120, 'left', FALSE, TRUE, FALSE);
INSERT INTO rpt_field (id, report_id, field_name, field_title, field_type, sort_order, width, align, is_display, is_sortable, is_filterable) VALUES (87, 30003, 'cDLCode', '发货单', 'string', 0, 120, 'left', FALSE, TRUE, FALSE);
INSERT INTO rpt_field (id, report_id, field_name, field_title, field_type, sort_order, width, align, is_display, is_sortable, is_filterable) VALUES (88, 30003, 'cSaleOut', '出库单', 'string', 0, 120, 'left', FALSE, TRUE, FALSE);
INSERT INTO rpt_field (id, report_id, field_name, field_title, field_type, sort_order, width, align, is_display, is_sortable, is_filterable) VALUES (89, 30003, 'vtype', '单据类型', 'string', 0, 120, 'left', TRUE, TRUE, FALSE);
INSERT INTO rpt_field (id, report_id, field_name, field_title, field_type, sort_order, width, align, is_display, is_sortable, is_filterable) VALUES (90, 30003, 'vid', '单据号', 'string', 0, 120, 'left', TRUE, TRUE, FALSE);
INSERT INTO rpt_field (id, report_id, field_name, field_title, field_type, sort_order, width, align, is_display, is_sortable, is_filterable) VALUES (91, 30003, 'exchname', '币种', 'string', 0, 120, 'left', FALSE, TRUE, FALSE);
INSERT INTO rpt_field (id, report_id, field_name, field_title, field_type, sort_order, width, align, is_display, is_sortable, is_filterable) VALUES (92, 30003, 'jf_s', '应收数量', 'string', 0, 120, 'left', FALSE, TRUE, FALSE);
INSERT INTO rpt_field (id, report_id, field_name, field_title, field_type, sort_order, width, align, is_display, is_sortable, is_filterable) VALUES (93, 30003, 'jf_f', '应收原币', 'string', 0, 120, 'left', FALSE, TRUE, FALSE);
INSERT INTO rpt_field (id, report_id, field_name, field_title, field_type, sort_order, width, align, is_display, is_sortable, is_filterable) VALUES (94, 30003, 'jf', '应收本币', 'string', 0, 120, 'left', TRUE, TRUE, FALSE);
INSERT INTO rpt_field (id, report_id, field_name, field_title, field_type, sort_order, width, align, is_display, is_sortable, is_filterable) VALUES (95, 30003, 'df_s', '收回数量', 'string', 0, 120, 'left', FALSE, TRUE, FALSE);
INSERT INTO rpt_field (id, report_id, field_name, field_title, field_type, sort_order, width, align, is_display, is_sortable, is_filterable) VALUES (96, 30003, 'df_f', '收回原币', 'string', 0, 120, 'left', FALSE, TRUE, FALSE);
INSERT INTO rpt_field (id, report_id, field_name, field_title, field_type, sort_order, width, align, is_display, is_sortable, is_filterable) VALUES (97, 30003, 'df', '收回本币', 'string', 0, 120, 'left', TRUE, TRUE, FALSE);
INSERT INTO rpt_field (id, report_id, field_name, field_title, field_type, sort_order, width, align, is_display, is_sortable, is_filterable) VALUES (98, 30003, 'ye_s', '余额数量', 'string', 0, 120, 'left', FALSE, TRUE, FALSE);
INSERT INTO rpt_field (id, report_id, field_name, field_title, field_type, sort_order, width, align, is_display, is_sortable, is_filterable) VALUES (99, 30003, 'ye_f', '余额原币', 'string', 0, 120, 'left', FALSE, TRUE, FALSE);
INSERT INTO rpt_field (id, report_id, field_name, field_title, field_type, sort_order, width, align, is_display, is_sortable, is_filterable) VALUES (100, 30003, 'ye', '余额本币', 'string', 0, 120, 'left', TRUE, TRUE, FALSE);
INSERT INTO rpt_field (id, report_id, field_name, field_title, field_type, sort_order, width, align, is_display, is_sortable, is_filterable) VALUES (101, 30003, 'dExpireDate', '到期日', 'string', 0, 120, 'left', TRUE, TRUE, FALSE);
INSERT INTO rpt_field (id, report_id, field_name, field_title, field_type, sort_order, width, align, is_display, is_sortable, is_filterable) VALUES (102, 30003, 'cDefine9', '结算方式', 'string', 0, 120, 'left', TRUE, TRUE, FALSE);
INSERT INTO rpt_field (id, report_id, field_name, field_title, field_type, sort_order, width, align, is_display, is_sortable, is_filterable) VALUES (103, 30003, 'cDefine16', '发票金额', 'string', 0, 120, 'left', FALSE, TRUE, FALSE);
INSERT INTO rpt_field (id, report_id, field_name, field_title, field_type, sort_order, width, align, is_display, is_sortable, is_filterable) VALUES (104, 30003, 'cCusDefine10', '签约品牌', 'string', 0, 120, 'left', FALSE, TRUE, FALSE);
INSERT INTO rpt_field (id, report_id, field_name, field_title, field_type, sort_order, width, align, is_display, is_sortable, is_filterable) VALUES (105, 30004, '客户编码', '客户编码', 'string', 0, 120, 'left', TRUE, TRUE, FALSE);
INSERT INTO rpt_field (id, report_id, field_name, field_title, field_type, sort_order, width, align, is_display, is_sortable, is_filterable) VALUES (106, 30004, '客户名称', '客户名称', 'string', 0, 120, 'left', TRUE, TRUE, FALSE);
INSERT INTO rpt_field (id, report_id, field_name, field_title, field_type, sort_order, width, align, is_display, is_sortable, is_filterable) VALUES (107, 30004, '期初', '期初', 'string', 0, 120, 'left', TRUE, TRUE, FALSE);
INSERT INTO rpt_field (id, report_id, field_name, field_title, field_type, sort_order, width, align, is_display, is_sortable, is_filterable) VALUES (108, 30004, '借方', '借方', 'string', 0, 120, 'left', TRUE, TRUE, FALSE);
INSERT INTO rpt_field (id, report_id, field_name, field_title, field_type, sort_order, width, align, is_display, is_sortable, is_filterable) VALUES (109, 30004, '贷方', '贷方', 'string', 0, 120, 'left', TRUE, TRUE, FALSE);
INSERT INTO rpt_field (id, report_id, field_name, field_title, field_type, sort_order, width, align, is_display, is_sortable, is_filterable) VALUES (110, 30004, '余额', '余额', 'string', 0, 120, 'left', TRUE, TRUE, FALSE);
INSERT INTO rpt_field (id, report_id, field_name, field_title, field_type, sort_order, width, align, is_display, is_sortable, is_filterable) VALUES (111, 30005, '科目编码', '科目编码', 'string', 0, 120, 'left', TRUE, TRUE, FALSE);
INSERT INTO rpt_field (id, report_id, field_name, field_title, field_type, sort_order, width, align, is_display, is_sortable, is_filterable) VALUES (112, 30005, '科目名称', '科目名称', 'string', 0, 120, 'left', TRUE, TRUE, FALSE);
INSERT INTO rpt_field (id, report_id, field_name, field_title, field_type, sort_order, width, align, is_display, is_sortable, is_filterable) VALUES (113, 30005, '期初借', '期初借', 'string', 0, 120, 'left', TRUE, TRUE, FALSE);
INSERT INTO rpt_field (id, report_id, field_name, field_title, field_type, sort_order, width, align, is_display, is_sortable, is_filterable) VALUES (114, 30005, '期初贷', '期初贷', 'string', 0, 120, 'left', TRUE, TRUE, FALSE);
INSERT INTO rpt_field (id, report_id, field_name, field_title, field_type, sort_order, width, align, is_display, is_sortable, is_filterable) VALUES (115, 30005, '本期借', '本期借', 'string', 0, 120, 'left', TRUE, TRUE, FALSE);
INSERT INTO rpt_field (id, report_id, field_name, field_title, field_type, sort_order, width, align, is_display, is_sortable, is_filterable) VALUES (116, 30005, '本期贷', '本期贷', 'string', 0, 120, 'left', TRUE, TRUE, FALSE);
INSERT INTO rpt_field (id, report_id, field_name, field_title, field_type, sort_order, width, align, is_display, is_sortable, is_filterable) VALUES (117, 30005, '期末借', '期末借', 'string', 0, 120, 'left', TRUE, TRUE, FALSE);
INSERT INTO rpt_field (id, report_id, field_name, field_title, field_type, sort_order, width, align, is_display, is_sortable, is_filterable) VALUES (118, 30005, '期末贷', '期末贷', 'string', 0, 120, 'left', TRUE, TRUE, FALSE);
INSERT INTO rpt_field (id, report_id, field_name, field_title, field_type, sort_order, width, align, is_display, is_sortable, is_filterable) VALUES (119, 30006, '序号', '序号', 'string', 1, 120, 'left', TRUE, TRUE, FALSE);
INSERT INTO rpt_field (id, report_id, field_name, field_title, field_type, sort_order, width, align, is_display, is_sortable, is_filterable) VALUES (120, 30006, '日期', '日期', 'string', 2, 120, 'left', TRUE, TRUE, FALSE);
INSERT INTO rpt_field (id, report_id, field_name, field_title, field_type, sort_order, width, align, is_display, is_sortable, is_filterable) VALUES (121, 30006, '方向(1入0结-1出)', '方向(1入0结-1出)', 'string', 3, 120, 'left', TRUE, TRUE, FALSE);
INSERT INTO rpt_field (id, report_id, field_name, field_title, field_type, sort_order, width, align, is_display, is_sortable, is_filterable) VALUES (122, 30006, '业务类型', '业务类型', 'string', 4, 120, 'left', TRUE, TRUE, FALSE);
INSERT INTO rpt_field (id, report_id, field_name, field_title, field_type, sort_order, width, align, is_display, is_sortable, is_filterable) VALUES (123, 30006, '单据编号', '单据编号', 'string', 5, 120, 'left', TRUE, TRUE, FALSE);
INSERT INTO rpt_field (id, report_id, field_name, field_title, field_type, sort_order, width, align, is_display, is_sortable, is_filterable) VALUES (124, 30006, '仓库编码', '仓库编码', 'string', 6, 120, 'left', TRUE, TRUE, FALSE);
INSERT INTO rpt_field (id, report_id, field_name, field_title, field_type, sort_order, width, align, is_display, is_sortable, is_filterable) VALUES (125, 30006, '存货编码', '存货编码', 'string', 7, 120, 'left', TRUE, TRUE, FALSE);
INSERT INTO rpt_field (id, report_id, field_name, field_title, field_type, sort_order, width, align, is_display, is_sortable, is_filterable) VALUES (126, 30006, '存货名称', '存货名称', 'string', 8, 120, 'left', TRUE, TRUE, FALSE);
INSERT INTO rpt_field (id, report_id, field_name, field_title, field_type, sort_order, width, align, is_display, is_sortable, is_filterable) VALUES (127, 30006, '存货型号', '存货型号', 'string', 9, 120, 'left', TRUE, TRUE, FALSE);
INSERT INTO rpt_field (id, report_id, field_name, field_title, field_type, sort_order, width, align, is_display, is_sortable, is_filterable) VALUES (128, 30006, '数量', '数量', 'string', 10, 120, 'left', TRUE, TRUE, FALSE);
INSERT INTO rpt_field (id, report_id, field_name, field_title, field_type, sort_order, width, align, is_display, is_sortable, is_filterable) VALUES (129, 30006, '成本单价', '成本单价', 'string', 11, 120, 'left', TRUE, TRUE, FALSE);
INSERT INTO rpt_field (id, report_id, field_name, field_title, field_type, sort_order, width, align, is_display, is_sortable, is_filterable) VALUES (130, 30006, '成本金额', '成本金额', 'string', 12, 120, 'left', TRUE, TRUE, FALSE);
INSERT INTO rpt_field (id, report_id, field_name, field_title, field_type, sort_order, width, align, is_display, is_sortable, is_filterable) VALUES (131, 30006, '结存数量', '结存数量', 'string', 13, 120, 'left', TRUE, TRUE, FALSE);
INSERT INTO rpt_field (id, report_id, field_name, field_title, field_type, sort_order, width, align, is_display, is_sortable, is_filterable) VALUES (132, 30006, '结存金额', '结存金额', 'string', 14, 120, 'left', TRUE, TRUE, FALSE);
INSERT INTO rpt_field (id, report_id, field_name, field_title, field_type, sort_order, width, align, is_display, is_sortable, is_filterable) VALUES (133, 30006, '单据来源', '单据来源', 'string', 15, 120, 'left', TRUE, TRUE, FALSE);
INSERT INTO rpt_field (id, report_id, field_name, field_title, field_type, sort_order, width, align, is_display, is_sortable, is_filterable) VALUES (134, 30006, '成本计算', '成本计算', 'string', 16, 120, 'left', TRUE, TRUE, FALSE);
INSERT INTO rpt_field (id, report_id, field_name, field_title, field_type, sort_order, width, align, is_display, is_sortable, is_filterable) VALUES (135, 30006, '本单金额', '本单金额', 'string', 17, 120, 'left', TRUE, TRUE, FALSE);
INSERT INTO rpt_field (id, report_id, field_name, field_title, field_type, sort_order, width, align, is_display, is_sortable, is_filterable) VALUES (136, 40004, 'cWhCode', '仓库编码', 'string', 0, 120, 'left', TRUE, TRUE, FALSE);
INSERT INTO rpt_field (id, report_id, field_name, field_title, field_type, sort_order, width, align, is_display, is_sortable, is_filterable) VALUES (137, 40004, 'cWhName', '仓库名称', 'string', 0, 120, 'left', TRUE, TRUE, FALSE);
INSERT INTO rpt_field (id, report_id, field_name, field_title, field_type, sort_order, width, align, is_display, is_sortable, is_filterable) VALUES (138, 40004, 'cInvCode', '存货编码', 'string', 0, 120, 'left', TRUE, TRUE, FALSE);
INSERT INTO rpt_field (id, report_id, field_name, field_title, field_type, sort_order, width, align, is_display, is_sortable, is_filterable) VALUES (139, 40004, 'cInvName', '存货名称', 'string', 0, 120, 'left', TRUE, TRUE, FALSE);
INSERT INTO rpt_field (id, report_id, field_name, field_title, field_type, sort_order, width, align, is_display, is_sortable, is_filterable) VALUES (140, 40004, 'cInvAbbCode', '附加码', 'string', 0, 120, 'left', TRUE, TRUE, FALSE);
INSERT INTO rpt_field (id, report_id, field_name, field_title, field_type, sort_order, width, align, is_display, is_sortable, is_filterable) VALUES (141, 40004, 'cInvStd', '型号', 'string', 0, 120, 'left', TRUE, TRUE, FALSE);
INSERT INTO rpt_field (id, report_id, field_name, field_title, field_type, sort_order, width, align, is_display, is_sortable, is_filterable) VALUES (142, 40004, 'cInvCCode', '分类编码', 'string', 0, 120, 'left', TRUE, TRUE, FALSE);
INSERT INTO rpt_field (id, report_id, field_name, field_title, field_type, sort_order, width, align, is_display, is_sortable, is_filterable) VALUES (143, 40004, 'cAddress', '地址', 'string', 0, 120, 'left', FALSE, TRUE, FALSE);
INSERT INTO rpt_field (id, report_id, field_name, field_title, field_type, sort_order, width, align, is_display, is_sortable, is_filterable) VALUES (144, 40004, 'cComUnitName', '单位', 'string', 0, 120, 'left', TRUE, TRUE, FALSE);
INSERT INTO rpt_field (id, report_id, field_name, field_title, field_type, sort_order, width, align, is_display, is_sortable, is_filterable) VALUES (145, 40004, 'cAssUnit', '辅助单位', 'string', 0, 120, 'left', TRUE, TRUE, FALSE);
INSERT INTO rpt_field (id, report_id, field_name, field_title, field_type, sort_order, width, align, is_display, is_sortable, is_filterable) VALUES (146, 40004, 'QCJCSL', '期初数量', 'string', 0, 120, 'left', FALSE, TRUE, FALSE);
INSERT INTO rpt_field (id, report_id, field_name, field_title, field_type, sort_order, width, align, is_display, is_sortable, is_filterable) VALUES (147, 40004, 'QCJCJS', '期初件数', 'string', 0, 120, 'left', FALSE, TRUE, FALSE);
INSERT INTO rpt_field (id, report_id, field_name, field_title, field_type, sort_order, width, align, is_display, is_sortable, is_filterable) VALUES (148, 40004, 'QCJCJE', '期初金额', 'string', 0, 120, 'left', FALSE, TRUE, FALSE);
INSERT INTO rpt_field (id, report_id, field_name, field_title, field_type, sort_order, width, align, is_display, is_sortable, is_filterable) VALUES (149, 40004, 'BQRKSL', '入库数量', 'string', 0, 120, 'left', FALSE, TRUE, FALSE);
INSERT INTO rpt_field (id, report_id, field_name, field_title, field_type, sort_order, width, align, is_display, is_sortable, is_filterable) VALUES (150, 40004, 'BQRKJS', '入库件数', 'string', 0, 120, 'left', FALSE, TRUE, FALSE);
INSERT INTO rpt_field (id, report_id, field_name, field_title, field_type, sort_order, width, align, is_display, is_sortable, is_filterable) VALUES (151, 40004, 'BQRKJE', '入库金额', 'string', 0, 120, 'left', FALSE, TRUE, FALSE);
INSERT INTO rpt_field (id, report_id, field_name, field_title, field_type, sort_order, width, align, is_display, is_sortable, is_filterable) VALUES (152, 40004, 'BQCKSL', '出库数量', 'string', 0, 120, 'left', FALSE, TRUE, FALSE);
INSERT INTO rpt_field (id, report_id, field_name, field_title, field_type, sort_order, width, align, is_display, is_sortable, is_filterable) VALUES (153, 40004, 'BQCKJS', '出库件数', 'string', 0, 120, 'left', FALSE, TRUE, FALSE);
INSERT INTO rpt_field (id, report_id, field_name, field_title, field_type, sort_order, width, align, is_display, is_sortable, is_filterable) VALUES (154, 40004, 'BQCKJE', '出库金额', 'string', 0, 120, 'left', FALSE, TRUE, FALSE);
INSERT INTO rpt_field (id, report_id, field_name, field_title, field_type, sort_order, width, align, is_display, is_sortable, is_filterable) VALUES (155, 40004, 'QMJCSL', '期末数量', 'string', 0, 120, 'left', TRUE, TRUE, FALSE);
INSERT INTO rpt_field (id, report_id, field_name, field_title, field_type, sort_order, width, align, is_display, is_sortable, is_filterable) VALUES (156, 40004, 'QMJCJS', '期末件数', 'string', 0, 120, 'left', TRUE, TRUE, FALSE);
INSERT INTO rpt_field (id, report_id, field_name, field_title, field_type, sort_order, width, align, is_display, is_sortable, is_filterable) VALUES (157, 40004, 'QMJCJE', '期末金额', 'string', 0, 120, 'left', TRUE, TRUE, FALSE);
INSERT INTO rpt_field (id, report_id, field_name, field_title, field_type, sort_order, width, align, is_display, is_sortable, is_filterable) VALUES (158, 40005, 'cWhCode', '仓库编码', 'string', 0, 120, 'left', TRUE, TRUE, FALSE);
INSERT INTO rpt_field (id, report_id, field_name, field_title, field_type, sort_order, width, align, is_display, is_sortable, is_filterable) VALUES (159, 40005, 'cWhName', '仓库名称', 'string', 0, 120, 'left', TRUE, TRUE, FALSE);
INSERT INTO rpt_field (id, report_id, field_name, field_title, field_type, sort_order, width, align, is_display, is_sortable, is_filterable) VALUES (160, 40005, 'cInvCode', '存货编码', 'string', 0, 120, 'left', TRUE, TRUE, FALSE);
INSERT INTO rpt_field (id, report_id, field_name, field_title, field_type, sort_order, width, align, is_display, is_sortable, is_filterable) VALUES (161, 40005, 'cInvName', '存货名称', 'string', 0, 120, 'left', TRUE, TRUE, FALSE);
INSERT INTO rpt_field (id, report_id, field_name, field_title, field_type, sort_order, width, align, is_display, is_sortable, is_filterable) VALUES (162, 40005, 'cInvAbbCode', '附加码', 'string', 0, 120, 'left', TRUE, TRUE, FALSE);
INSERT INTO rpt_field (id, report_id, field_name, field_title, field_type, sort_order, width, align, is_display, is_sortable, is_filterable) VALUES (163, 40005, 'cInvStd', '型号', 'string', 0, 120, 'left', TRUE, TRUE, FALSE);
INSERT INTO rpt_field (id, report_id, field_name, field_title, field_type, sort_order, width, align, is_display, is_sortable, is_filterable) VALUES (164, 40005, 'cInvCCode', '分类编码', 'string', 0, 120, 'left', TRUE, TRUE, FALSE);
INSERT INTO rpt_field (id, report_id, field_name, field_title, field_type, sort_order, width, align, is_display, is_sortable, is_filterable) VALUES (165, 40005, 'cAddress', '地址', 'string', 0, 120, 'left', FALSE, TRUE, FALSE);
INSERT INTO rpt_field (id, report_id, field_name, field_title, field_type, sort_order, width, align, is_display, is_sortable, is_filterable) VALUES (166, 40005, 'cComUnitName', '单位', 'string', 0, 120, 'left', TRUE, TRUE, FALSE);
INSERT INTO rpt_field (id, report_id, field_name, field_title, field_type, sort_order, width, align, is_display, is_sortable, is_filterable) VALUES (167, 40005, 'cAssUnit', '辅助单位', 'string', 0, 120, 'left', TRUE, TRUE, FALSE);
INSERT INTO rpt_field (id, report_id, field_name, field_title, field_type, sort_order, width, align, is_display, is_sortable, is_filterable) VALUES (168, 40005, 'QCJCSL', '期初数量', 'string', 0, 120, 'left', FALSE, TRUE, FALSE);
INSERT INTO rpt_field (id, report_id, field_name, field_title, field_type, sort_order, width, align, is_display, is_sortable, is_filterable) VALUES (169, 40005, 'QCJCJS', '期初件数', 'string', 0, 120, 'left', FALSE, TRUE, FALSE);
INSERT INTO rpt_field (id, report_id, field_name, field_title, field_type, sort_order, width, align, is_display, is_sortable, is_filterable) VALUES (170, 40005, 'QCJCJE', '期初金额', 'string', 0, 120, 'left', FALSE, TRUE, FALSE);
INSERT INTO rpt_field (id, report_id, field_name, field_title, field_type, sort_order, width, align, is_display, is_sortable, is_filterable) VALUES (171, 40005, 'BQRKSL', '入库数量', 'string', 0, 120, 'left', FALSE, TRUE, FALSE);
INSERT INTO rpt_field (id, report_id, field_name, field_title, field_type, sort_order, width, align, is_display, is_sortable, is_filterable) VALUES (172, 40005, 'BQRKJS', '入库件数', 'string', 0, 120, 'left', FALSE, TRUE, FALSE);
INSERT INTO rpt_field (id, report_id, field_name, field_title, field_type, sort_order, width, align, is_display, is_sortable, is_filterable) VALUES (173, 40005, 'BQRKJE', '入库金额', 'string', 0, 120, 'left', FALSE, TRUE, FALSE);
INSERT INTO rpt_field (id, report_id, field_name, field_title, field_type, sort_order, width, align, is_display, is_sortable, is_filterable) VALUES (174, 40005, 'BQCKSL', '出库数量', 'string', 0, 120, 'left', FALSE, TRUE, FALSE);
INSERT INTO rpt_field (id, report_id, field_name, field_title, field_type, sort_order, width, align, is_display, is_sortable, is_filterable) VALUES (175, 40005, 'BQCKJS', '出库件数', 'string', 0, 120, 'left', FALSE, TRUE, FALSE);
INSERT INTO rpt_field (id, report_id, field_name, field_title, field_type, sort_order, width, align, is_display, is_sortable, is_filterable) VALUES (176, 40005, 'BQCKJE', '出库金额', 'string', 0, 120, 'left', FALSE, TRUE, FALSE);
INSERT INTO rpt_field (id, report_id, field_name, field_title, field_type, sort_order, width, align, is_display, is_sortable, is_filterable) VALUES (177, 40005, 'QMJCSL', '期末数量', 'string', 0, 120, 'left', TRUE, TRUE, FALSE);
INSERT INTO rpt_field (id, report_id, field_name, field_title, field_type, sort_order, width, align, is_display, is_sortable, is_filterable) VALUES (178, 40005, 'QMJCJS', '期末件数', 'string', 0, 120, 'left', TRUE, TRUE, FALSE);
INSERT INTO rpt_field (id, report_id, field_name, field_title, field_type, sort_order, width, align, is_display, is_sortable, is_filterable) VALUES (179, 40005, 'QMJCJE', '期末金额', 'string', 0, 120, 'left', TRUE, TRUE, FALSE);
INSERT INTO rpt_field (id, report_id, field_name, field_title, field_type, sort_order, width, align, is_display, is_sortable, is_filterable) VALUES (180, 40005, '计算成本', '计算成本', 'string', 0, 120, 'left', TRUE, TRUE, FALSE);
INSERT INTO rpt_field (id, report_id, field_name, field_title, field_type, sort_order, width, align, is_display, is_sortable, is_filterable) VALUES (181, 40007, 'ddate', '日期', 'string', 0, 120, 'left', TRUE, TRUE, FALSE);
INSERT INTO rpt_field (id, report_id, field_name, field_title, field_type, sort_order, width, align, is_display, is_sortable, is_filterable) VALUES (182, 40007, 'csocode', '订单号', 'string', 1, 120, 'left', TRUE, TRUE, FALSE);
INSERT INTO rpt_field (id, report_id, field_name, field_title, field_type, sort_order, width, align, is_display, is_sortable, is_filterable) VALUES (183, 40007, 'ccuscode', '客户编码', 'string', 2, 120, 'left', TRUE, TRUE, FALSE);
INSERT INTO rpt_field (id, report_id, field_name, field_title, field_type, sort_order, width, align, is_display, is_sortable, is_filterable) VALUES (184, 40007, 'ccusabbname', '客户简称', 'string', 3, 120, 'left', TRUE, TRUE, FALSE);
INSERT INTO rpt_field (id, report_id, field_name, field_title, field_type, sort_order, width, align, is_display, is_sortable, is_filterable) VALUES (185, 40007, 'ccusperson', '联系人', 'string', 4, 120, 'left', TRUE, TRUE, FALSE);
INSERT INTO rpt_field (id, report_id, field_name, field_title, field_type, sort_order, width, align, is_display, is_sortable, is_filterable) VALUES (186, 40007, 'cCusOAddress', '地址', 'string', 5, 120, 'left', TRUE, TRUE, FALSE);
INSERT INTO rpt_field (id, report_id, field_name, field_title, field_type, sort_order, width, align, is_display, is_sortable, is_filterable) VALUES (187, 40007, 'cdcname', '地区', 'string', 6, 120, 'left', TRUE, TRUE, FALSE);
INSERT INTO rpt_field (id, report_id, field_name, field_title, field_type, sort_order, width, align, is_display, is_sortable, is_filterable) VALUES (188, 40007, 'cinvcode', '存货编码', 'string', 7, 120, 'left', TRUE, TRUE, FALSE);
INSERT INTO rpt_field (id, report_id, field_name, field_title, field_type, sort_order, width, align, is_display, is_sortable, is_filterable) VALUES (189, 40007, 'cinvname', '存货名称', 'string', 8, 120, 'left', TRUE, TRUE, FALSE);
INSERT INTO rpt_field (id, report_id, field_name, field_title, field_type, sort_order, width, align, is_display, is_sortable, is_filterable) VALUES (190, 40007, 'cinvstd', '型号', 'string', 9, 120, 'left', TRUE, TRUE, FALSE);
INSERT INTO rpt_field (id, report_id, field_name, field_title, field_type, sort_order, width, align, is_display, is_sortable, is_filterable) VALUES (191, 40007, 'iTaxUnitPrice', '单价', 'string', 10, 120, 'left', TRUE, TRUE, FALSE);
INSERT INTO rpt_field (id, report_id, field_name, field_title, field_type, sort_order, width, align, is_display, is_sortable, is_filterable) VALUES (192, 40007, 'iquantiy', '数量', 'string', 11, 120, 'left', TRUE, TRUE, FALSE);
INSERT INTO rpt_field (id, report_id, field_name, field_title, field_type, sort_order, width, align, is_display, is_sortable, is_filterable) VALUES (193, 40007, 'iSum', '金额', 'string', 12, 120, 'left', TRUE, TRUE, FALSE);
SELECT setval('rpt_field_id_seq', 193, true);

-- Filters
INSERT INTO rpt_filter (id, report_id, field_name, label, default_value, operator, control_type, sort_order, is_required, is_deleted) VALUES (1, 1, 'ddate', 'ddate', '2016-02-01', '>=', 'text', 0, FALSE, FALSE);
INSERT INTO rpt_filter (id, report_id, field_name, label, default_value, operator, control_type, sort_order, is_required, is_deleted) VALUES (2, 1, 'ddate', 'ddate', '2018-10-1', '>=', 'text', 0, FALSE, FALSE);
INSERT INTO rpt_filter (id, report_id, field_name, label, default_value, operator, control_type, sort_order, is_required, is_deleted) VALUES (3, 1, 'ddate', 'ddate', '2016-1-1', '>=', 'text', 0, FALSE, FALSE);
INSERT INTO rpt_filter (id, report_id, field_name, label, default_value, operator, control_type, sort_order, is_required, is_deleted) VALUES (4, 1, 'cus.ccusname', 'cus.ccusname', '得力集团有限公司', 'like', 'text', 1, FALSE, FALSE);
INSERT INTO rpt_filter (id, report_id, field_name, label, default_value, operator, control_type, sort_order, is_required, is_deleted) VALUES (5, 1, 'cus.ccusname', 'cus.ccusname', '南潮', 'like', 'text', 1, FALSE, FALSE);
INSERT INTO rpt_filter (id, report_id, field_name, label, default_value, operator, control_type, sort_order, is_required, is_deleted) VALUES (6, 2, 'dl.ddate', 'dl.ddate', '2016-06-01', '>=', 'text', 0, FALSE, FALSE);
INSERT INTO rpt_filter (id, report_id, field_name, label, default_value, operator, control_type, sort_order, is_required, is_deleted) VALUES (7, 2, 'year(dl.ddate)', 'year(dl.ddate)', '2025', '>=', 'text', 0, FALSE, FALSE);
INSERT INTO rpt_filter (id, report_id, field_name, label, default_value, operator, control_type, sort_order, is_required, is_deleted) VALUES (8, 2, 'dl.ddate', 'dl.ddate', '2016-01-01', '>=', 'text', 0, FALSE, FALSE);
INSERT INTO rpt_filter (id, report_id, field_name, label, default_value, operator, control_type, sort_order, is_required, is_deleted) VALUES (9, 2, 'dl.ddate', 'dl.ddate', '2016-01-01', '>=', 'text', 0, FALSE, FALSE);
INSERT INTO rpt_filter (id, report_id, field_name, label, default_value, operator, control_type, sort_order, is_required, is_deleted) VALUES (10, 2, 'dl.ddate', 'dl.ddate', '2016-01-01', '>=', 'text', 0, FALSE, FALSE);
INSERT INTO rpt_filter (id, report_id, field_name, label, default_value, operator, control_type, sort_order, is_required, is_deleted) VALUES (11, 2, 'dl.ddate', 'dl.ddate', '2016-01-01', '>=', 'text', 0, FALSE, FALSE);
INSERT INTO rpt_filter (id, report_id, field_name, label, default_value, operator, control_type, sort_order, is_required, is_deleted) VALUES (12, 2, 'dl.ddate', 'dl.ddate', '2016-01-01', '>=', 'text', 0, FALSE, FALSE);
INSERT INTO rpt_filter (id, report_id, field_name, label, default_value, operator, control_type, sort_order, is_required, is_deleted) VALUES (13, 2, 'year(dl.ddate)', 'year(dl.ddate)', '2022', '>=', 'text', 0, FALSE, FALSE);
INSERT INTO rpt_filter (id, report_id, field_name, label, default_value, operator, control_type, sort_order, is_required, is_deleted) VALUES (14, 2, 'cus.cCusAbbName', 'cus.cCusAbbName', '九淦', 'like', 'text', 1, FALSE, FALSE);
INSERT INTO rpt_filter (id, report_id, field_name, label, default_value, operator, control_type, sort_order, is_required, is_deleted) VALUES (15, 2, 'year(dl.ddate)', 'year(dl.ddate)', '2023', '<=', 'text', 1, FALSE, FALSE);
INSERT INTO rpt_filter (id, report_id, field_name, label, default_value, operator, control_type, sort_order, is_required, is_deleted) VALUES (16, 2, 'p.cpersonname', 'p.cpersonname', '董富海', '=', 'text', 2, FALSE, FALSE);
INSERT INTO rpt_filter (id, report_id, field_name, label, default_value, operator, control_type, sort_order, is_required, is_deleted) VALUES (17, 2, 'dc.cdcname', 'dc.cdcname', '济南市', '=', 'text', 3, FALSE, FALSE);
INSERT INTO rpt_filter (id, report_id, field_name, label, default_value, operator, control_type, sort_order, is_required, is_deleted) VALUES (18, 3, 'som.ddate', 'som.ddate', '2016-6-1', '>=', 'text', 0, FALSE, FALSE);
INSERT INTO rpt_filter (id, report_id, field_name, label, default_value, operator, control_type, sort_order, is_required, is_deleted) VALUES (19, 3, 'som.ddate', 'som.ddate', '2018', '>=', 'text', 0, FALSE, FALSE);
INSERT INTO rpt_filter (id, report_id, field_name, label, default_value, operator, control_type, sort_order, is_required, is_deleted) VALUES (20, 3, 'som.ddate', 'som.ddate', '2013-1-1', '>=', 'text', 0, FALSE, FALSE);
INSERT INTO rpt_filter (id, report_id, field_name, label, default_value, operator, control_type, sort_order, is_required, is_deleted) VALUES (21, 3, 'som.ddate', 'som.ddate', '2016-1-1', '>=', 'text', 0, FALSE, FALSE);
INSERT INTO rpt_filter (id, report_id, field_name, label, default_value, operator, control_type, sort_order, is_required, is_deleted) VALUES (22, 3, 'p.cpersonname', 'p.cpersonname', '李隆勋', '=', 'text', 1, FALSE, FALSE);
INSERT INTO rpt_filter (id, report_id, field_name, label, default_value, operator, control_type, sort_order, is_required, is_deleted) VALUES (23, 3, 'dc.cdcname', 'dc.cdcname', '济南市', '!=', 'text', 1, FALSE, FALSE);
INSERT INTO rpt_filter (id, report_id, field_name, label, default_value, operator, control_type, sort_order, is_required, is_deleted) VALUES (24, 3, 'cus.cCusAbbName', 'cus.cCusAbbName', '金荣信', 'like', 'text', 2, FALSE, FALSE);
INSERT INTO rpt_filter (id, report_id, field_name, label, default_value, operator, control_type, sort_order, is_required, is_deleted) VALUES (25, 10002, 'dl.ddate', 'dl.ddate', '2016-05-01', '>=', 'text', 0, FALSE, FALSE);
INSERT INTO rpt_filter (id, report_id, field_name, label, default_value, operator, control_type, sort_order, is_required, is_deleted) VALUES (26, 10002, 'dl.ddate', 'dl.ddate', '2017-02-25', '<=', 'text', 0, FALSE, FALSE);
INSERT INTO rpt_filter (id, report_id, field_name, label, default_value, operator, control_type, sort_order, is_required, is_deleted) VALUES (27, 10002, 'dl.ddate', 'dl.ddate', '2016-10-01', '>=', 'text', 0, FALSE, FALSE);
INSERT INTO rpt_filter (id, report_id, field_name, label, default_value, operator, control_type, sort_order, is_required, is_deleted) VALUES (28, 10002, 'dl.ddate', 'dl.ddate', '2016-10-31', '<=', 'text', 1, FALSE, FALSE);
INSERT INTO rpt_filter (id, report_id, field_name, label, default_value, operator, control_type, sort_order, is_required, is_deleted) VALUES (29, 10002, 'dl.ddate', 'dl.ddate', '2017-02-01', '>=', 'text', 1, FALSE, FALSE);
INSERT INTO rpt_filter (id, report_id, field_name, label, default_value, operator, control_type, sort_order, is_required, is_deleted) VALUES (30, 30002, '', '', '', '', 'text', 0, FALSE, FALSE);
INSERT INTO rpt_filter (id, report_id, field_name, label, default_value, operator, control_type, sort_order, is_required, is_deleted) VALUES (31, 30003, 'iMonth', 'iMonth', '1', '=', 'text', 0, FALSE, FALSE);
INSERT INTO rpt_filter (id, report_id, field_name, label, default_value, operator, control_type, sort_order, is_required, is_deleted) VALUES (32, 30003, 'iMonth', 'iMonth', '7', '=', 'text', 0, FALSE, FALSE);
INSERT INTO rpt_filter (id, report_id, field_name, label, default_value, operator, control_type, sort_order, is_required, is_deleted) VALUES (33, 30003, 'iMonth', 'iMonth', '9', '=', 'text', 0, FALSE, FALSE);
INSERT INTO rpt_filter (id, report_id, field_name, label, default_value, operator, control_type, sort_order, is_required, is_deleted) VALUES (34, 30003, 'cusCode', 'cusCode', '', '=', 'text', 1, FALSE, FALSE);
INSERT INTO rpt_filter (id, report_id, field_name, label, default_value, operator, control_type, sort_order, is_required, is_deleted) VALUES (35, 30003, 'cusCode', 'cusCode', '0531GR', '=', 'text', 1, FALSE, FALSE);
INSERT INTO rpt_filter (id, report_id, field_name, label, default_value, operator, control_type, sort_order, is_required, is_deleted) VALUES (36, 30003, 'cusName', 'cusName', '', '=', 'text', 2, FALSE, FALSE);
INSERT INTO rpt_filter (id, report_id, field_name, label, default_value, operator, control_type, sort_order, is_required, is_deleted) VALUES (37, 30004, 'iMonth', 'iMonth', '12', '=', 'text', 0, FALSE, FALSE);
INSERT INTO rpt_filter (id, report_id, field_name, label, default_value, operator, control_type, sort_order, is_required, is_deleted) VALUES (38, 30004, 'iMonth', 'iMonth', '1', '=', 'text', 0, FALSE, FALSE);
INSERT INTO rpt_filter (id, report_id, field_name, label, default_value, operator, control_type, sort_order, is_required, is_deleted) VALUES (39, 30004, 'iMonth', 'iMonth', '3', '=', 'text', 0, FALSE, FALSE);
INSERT INTO rpt_filter (id, report_id, field_name, label, default_value, operator, control_type, sort_order, is_required, is_deleted) VALUES (40, 30004, 'iYear', 'iYear', '-1', '=', 'text', 1, FALSE, FALSE);
INSERT INTO rpt_filter (id, report_id, field_name, label, default_value, operator, control_type, sort_order, is_required, is_deleted) VALUES (41, 30005, 'MonthStart', 'MonthStart', '1', '=', 'text', 0, FALSE, FALSE);
INSERT INTO rpt_filter (id, report_id, field_name, label, default_value, operator, control_type, sort_order, is_required, is_deleted) VALUES (42, 30005, 'MonthStart', 'MonthStart', '1', '=', 'text', 0, FALSE, FALSE);
INSERT INTO rpt_filter (id, report_id, field_name, label, default_value, operator, control_type, sort_order, is_required, is_deleted) VALUES (43, 30005, 'MonthStart', 'MonthStart', '5', '=', 'text', 0, FALSE, FALSE);
INSERT INTO rpt_filter (id, report_id, field_name, label, default_value, operator, control_type, sort_order, is_required, is_deleted) VALUES (44, 30005, 'MonthEnd', 'MonthEnd', '5', '=', 'text', 1, FALSE, FALSE);
INSERT INTO rpt_filter (id, report_id, field_name, label, default_value, operator, control_type, sort_order, is_required, is_deleted) VALUES (45, 30005, 'MonthEnd', 'MonthEnd', '12', '=', 'text', 1, FALSE, FALSE);
INSERT INTO rpt_filter (id, report_id, field_name, label, default_value, operator, control_type, sort_order, is_required, is_deleted) VALUES (46, 30005, 'MonthEnd', 'MonthEnd', '12', '=', 'text', 1, FALSE, FALSE);
INSERT INTO rpt_filter (id, report_id, field_name, label, default_value, operator, control_type, sort_order, is_required, is_deleted) VALUES (47, 40004, '开始日期', '开始日期', '', '=', 'text', 0, FALSE, FALSE);
INSERT INTO rpt_filter (id, report_id, field_name, label, default_value, operator, control_type, sort_order, is_required, is_deleted) VALUES (48, 40004, '开始日期', '开始日期', '', '=', 'text', 0, FALSE, FALSE);
INSERT INTO rpt_filter (id, report_id, field_name, label, default_value, operator, control_type, sort_order, is_required, is_deleted) VALUES (49, 40004, '结束日期', '结束日期', '', '=', 'text', 1, FALSE, FALSE);
INSERT INTO rpt_filter (id, report_id, field_name, label, default_value, operator, control_type, sort_order, is_required, is_deleted) VALUES (50, 40004, '结束日期', '结束日期', '', '=', 'text', 1, FALSE, FALSE);
INSERT INTO rpt_filter (id, report_id, field_name, label, default_value, operator, control_type, sort_order, is_required, is_deleted) VALUES (51, 40005, '开始日期', '开始日期', '', '=', 'text', 0, FALSE, FALSE);
INSERT INTO rpt_filter (id, report_id, field_name, label, default_value, operator, control_type, sort_order, is_required, is_deleted) VALUES (52, 40005, '开始日期', '开始日期', '', '=', 'text', 0, FALSE, FALSE);
INSERT INTO rpt_filter (id, report_id, field_name, label, default_value, operator, control_type, sort_order, is_required, is_deleted) VALUES (53, 40005, '开始日期', '开始日期', '2019-1-1', '=', 'text', 0, FALSE, FALSE);
INSERT INTO rpt_filter (id, report_id, field_name, label, default_value, operator, control_type, sort_order, is_required, is_deleted) VALUES (54, 40005, '结束日期', '结束日期', '', '=', 'text', 1, FALSE, FALSE);
INSERT INTO rpt_filter (id, report_id, field_name, label, default_value, operator, control_type, sort_order, is_required, is_deleted) VALUES (55, 40005, '结束日期', '结束日期', '', '=', 'text', 1, FALSE, FALSE);
INSERT INTO rpt_filter (id, report_id, field_name, label, default_value, operator, control_type, sort_order, is_required, is_deleted) VALUES (56, 40007, 'invcode1', 'invcode1', '0100001', '=', 'text', 0, FALSE, FALSE);
INSERT INTO rpt_filter (id, report_id, field_name, label, default_value, operator, control_type, sort_order, is_required, is_deleted) VALUES (57, 40007, 'invcode1', 'invcode1', '', '=', 'text', 0, FALSE, FALSE);
INSERT INTO rpt_filter (id, report_id, field_name, label, default_value, operator, control_type, sort_order, is_required, is_deleted) VALUES (58, 40007, 'invcode1', 'invcode1', '0100000', '=', 'text', 0, FALSE, FALSE);
INSERT INTO rpt_filter (id, report_id, field_name, label, default_value, operator, control_type, sort_order, is_required, is_deleted) VALUES (59, 40007, 'invcode2', 'invcode2', '0200000', '=', 'text', 1, FALSE, FALSE);
INSERT INTO rpt_filter (id, report_id, field_name, label, default_value, operator, control_type, sort_order, is_required, is_deleted) VALUES (60, 40007, 'invcode2', 'invcode2', '', '=', 'text', 1, FALSE, FALSE);
INSERT INTO rpt_filter (id, report_id, field_name, label, default_value, operator, control_type, sort_order, is_required, is_deleted) VALUES (61, 40007, 'invcode2', 'invcode2', '0189009', '=', 'text', 1, FALSE, FALSE);
INSERT INTO rpt_filter (id, report_id, field_name, label, default_value, operator, control_type, sort_order, is_required, is_deleted) VALUES (62, 40007, 'date1', 'date1', '2019-1-1', '=', 'text', 2, FALSE, FALSE);
INSERT INTO rpt_filter (id, report_id, field_name, label, default_value, operator, control_type, sort_order, is_required, is_deleted) VALUES (63, 40007, 'date1', 'date1', '', '=', 'text', 2, FALSE, FALSE);
INSERT INTO rpt_filter (id, report_id, field_name, label, default_value, operator, control_type, sort_order, is_required, is_deleted) VALUES (64, 40007, 'date1', 'date1', '2019-01-01', '=', 'text', 2, FALSE, FALSE);
INSERT INTO rpt_filter (id, report_id, field_name, label, default_value, operator, control_type, sort_order, is_required, is_deleted) VALUES (65, 40007, 'date2', 'date2', '2019-01-09', '=', 'text', 3, FALSE, FALSE);
INSERT INTO rpt_filter (id, report_id, field_name, label, default_value, operator, control_type, sort_order, is_required, is_deleted) VALUES (66, 40007, 'date2', 'date2', '', '=', 'text', 3, FALSE, FALSE);
INSERT INTO rpt_filter (id, report_id, field_name, label, default_value, operator, control_type, sort_order, is_required, is_deleted) VALUES (67, 40007, 'date2', 'date2', '2019-1-9', '=', 'text', 3, FALSE, FALSE);
SELECT setval('rpt_filter_id_seq', 67, true);

-- Orders
INSERT INTO rpt_sort (id, report_id, field_name, direction, sort_order) VALUES (1, 1, 'cdlcode', 'asc', 0);
INSERT INTO rpt_sort (id, report_id, field_name, direction, sort_order) VALUES (2, 1, 'wh.cwhname', 'asc', 1);
INSERT INTO rpt_sort (id, report_id, field_name, direction, sort_order) VALUES (3, 1, 'inv.cinvcode', 'asc', 2);
SELECT setval('rpt_sort_id_seq', 3, true);

-- Permissions
INSERT INTO rpt_permission (id, report_id, principal_type, principal_id, access_type) VALUES (1, 1, 'user', 2, 'view');
INSERT INTO rpt_permission (id, report_id, principal_type, principal_id, access_type) VALUES (2, 1, 'user', 6, 'view');
INSERT INTO rpt_permission (id, report_id, principal_type, principal_id, access_type) VALUES (3, 1, 'user', 7, 'view');
INSERT INTO rpt_permission (id, report_id, principal_type, principal_id, access_type) VALUES (4, 1, 'user', 8, 'view');
INSERT INTO rpt_permission (id, report_id, principal_type, principal_id, access_type) VALUES (5, 1, 'user', 9, 'view');
INSERT INTO rpt_permission (id, report_id, principal_type, principal_id, access_type) VALUES (6, 1, 'user', 10, 'view');
INSERT INTO rpt_permission (id, report_id, principal_type, principal_id, access_type) VALUES (7, 1, 'user', 12, 'view');
INSERT INTO rpt_permission (id, report_id, principal_type, principal_id, access_type) VALUES (8, 1, 'user', 16, 'view');
INSERT INTO rpt_permission (id, report_id, principal_type, principal_id, access_type) VALUES (9, 1, 'user', 19, 'view');
INSERT INTO rpt_permission (id, report_id, principal_type, principal_id, access_type) VALUES (10, 1, 'user', 26, 'view');
INSERT INTO rpt_permission (id, report_id, principal_type, principal_id, access_type) VALUES (11, 1, 'user', 28, 'view');
INSERT INTO rpt_permission (id, report_id, principal_type, principal_id, access_type) VALUES (12, 1, 'user', 33, 'view');
INSERT INTO rpt_permission (id, report_id, principal_type, principal_id, access_type) VALUES (13, 2, 'user', 2, 'view');
INSERT INTO rpt_permission (id, report_id, principal_type, principal_id, access_type) VALUES (14, 2, 'user', 6, 'view');
INSERT INTO rpt_permission (id, report_id, principal_type, principal_id, access_type) VALUES (15, 2, 'user', 7, 'view');
INSERT INTO rpt_permission (id, report_id, principal_type, principal_id, access_type) VALUES (16, 2, 'user', 8, 'view');
INSERT INTO rpt_permission (id, report_id, principal_type, principal_id, access_type) VALUES (17, 2, 'user', 9, 'view');
INSERT INTO rpt_permission (id, report_id, principal_type, principal_id, access_type) VALUES (18, 2, 'user', 10, 'view');
INSERT INTO rpt_permission (id, report_id, principal_type, principal_id, access_type) VALUES (19, 2, 'user', 12, 'view');
INSERT INTO rpt_permission (id, report_id, principal_type, principal_id, access_type) VALUES (20, 2, 'user', 16, 'view');
INSERT INTO rpt_permission (id, report_id, principal_type, principal_id, access_type) VALUES (21, 2, 'user', 19, 'view');
INSERT INTO rpt_permission (id, report_id, principal_type, principal_id, access_type) VALUES (22, 2, 'user', 26, 'view');
INSERT INTO rpt_permission (id, report_id, principal_type, principal_id, access_type) VALUES (23, 2, 'user', 28, 'view');
INSERT INTO rpt_permission (id, report_id, principal_type, principal_id, access_type) VALUES (24, 2, 'user', 33, 'view');
INSERT INTO rpt_permission (id, report_id, principal_type, principal_id, access_type) VALUES (25, 3, 'user', 2, 'view');
INSERT INTO rpt_permission (id, report_id, principal_type, principal_id, access_type) VALUES (26, 3, 'user', 6, 'view');
INSERT INTO rpt_permission (id, report_id, principal_type, principal_id, access_type) VALUES (27, 3, 'user', 7, 'view');
INSERT INTO rpt_permission (id, report_id, principal_type, principal_id, access_type) VALUES (28, 3, 'user', 8, 'view');
INSERT INTO rpt_permission (id, report_id, principal_type, principal_id, access_type) VALUES (29, 3, 'user', 9, 'view');
INSERT INTO rpt_permission (id, report_id, principal_type, principal_id, access_type) VALUES (30, 3, 'user', 10, 'view');
INSERT INTO rpt_permission (id, report_id, principal_type, principal_id, access_type) VALUES (31, 3, 'user', 12, 'view');
INSERT INTO rpt_permission (id, report_id, principal_type, principal_id, access_type) VALUES (32, 3, 'user', 16, 'view');
INSERT INTO rpt_permission (id, report_id, principal_type, principal_id, access_type) VALUES (33, 3, 'user', 19, 'view');
INSERT INTO rpt_permission (id, report_id, principal_type, principal_id, access_type) VALUES (34, 3, 'user', 26, 'view');
INSERT INTO rpt_permission (id, report_id, principal_type, principal_id, access_type) VALUES (35, 3, 'user', 28, 'view');
INSERT INTO rpt_permission (id, report_id, principal_type, principal_id, access_type) VALUES (36, 3, 'user', 33, 'view');
INSERT INTO rpt_permission (id, report_id, principal_type, principal_id, access_type) VALUES (37, 10002, 'user', 2, 'view');
INSERT INTO rpt_permission (id, report_id, principal_type, principal_id, access_type) VALUES (38, 10002, 'user', 12, 'view');
INSERT INTO rpt_permission (id, report_id, principal_type, principal_id, access_type) VALUES (39, 10002, 'user', 6, 'view');
INSERT INTO rpt_permission (id, report_id, principal_type, principal_id, access_type) VALUES (40, 20002, 'user', 2, 'view');
INSERT INTO rpt_permission (id, report_id, principal_type, principal_id, access_type) VALUES (41, 30002, 'user', 2, 'view');
INSERT INTO rpt_permission (id, report_id, principal_type, principal_id, access_type) VALUES (42, 30002, 'user', 6, 'view');
INSERT INTO rpt_permission (id, report_id, principal_type, principal_id, access_type) VALUES (43, 30002, 'user', 12, 'view');
INSERT INTO rpt_permission (id, report_id, principal_type, principal_id, access_type) VALUES (44, 30002, 'user', 28, 'view');
INSERT INTO rpt_permission (id, report_id, principal_type, principal_id, access_type) VALUES (45, 30003, 'user', 2, 'view');
INSERT INTO rpt_permission (id, report_id, principal_type, principal_id, access_type) VALUES (46, 30003, 'user', 12, 'view');
INSERT INTO rpt_permission (id, report_id, principal_type, principal_id, access_type) VALUES (47, 30004, 'user', 2, 'view');
INSERT INTO rpt_permission (id, report_id, principal_type, principal_id, access_type) VALUES (48, 30004, 'user', 6, 'view');
INSERT INTO rpt_permission (id, report_id, principal_type, principal_id, access_type) VALUES (49, 30004, 'user', 12, 'view');
INSERT INTO rpt_permission (id, report_id, principal_type, principal_id, access_type) VALUES (50, 30005, 'user', 2, 'view');
INSERT INTO rpt_permission (id, report_id, principal_type, principal_id, access_type) VALUES (51, 30005, 'user', 6, 'view');
INSERT INTO rpt_permission (id, report_id, principal_type, principal_id, access_type) VALUES (52, 30005, 'user', 12, 'view');
INSERT INTO rpt_permission (id, report_id, principal_type, principal_id, access_type) VALUES (53, 30006, 'user', 2, 'view');
INSERT INTO rpt_permission (id, report_id, principal_type, principal_id, access_type) VALUES (54, 30006, 'user', 6, 'view');
INSERT INTO rpt_permission (id, report_id, principal_type, principal_id, access_type) VALUES (55, 30006, 'user', 12, 'view');
INSERT INTO rpt_permission (id, report_id, principal_type, principal_id, access_type) VALUES (56, 30006, 'user', 28, 'view');
INSERT INTO rpt_permission (id, report_id, principal_type, principal_id, access_type) VALUES (57, 40004, 'user', 2, 'view');
INSERT INTO rpt_permission (id, report_id, principal_type, principal_id, access_type) VALUES (58, 40005, 'user', 2, 'view');
INSERT INTO rpt_permission (id, report_id, principal_type, principal_id, access_type) VALUES (59, 40005, 'user', 28, 'view');
INSERT INTO rpt_permission (id, report_id, principal_type, principal_id, access_type) VALUES (60, 40007, 'user', 2, 'view');
INSERT INTO rpt_permission (id, report_id, principal_type, principal_id, access_type) VALUES (61, 40007, 'user', 28, 'view');
SELECT setval('rpt_permission_id_seq', 61, true);

-- Charts (from PivotView)
INSERT INTO rpt_chart (id, report_id, title, chart_type, options, is_deleted) VALUES (1, 1, '上次查询', 'table', '{"derivedAttributes":{},"hiddenAttributes":[],"menuLimit":200,"cols":[],"rows":[],"vals":[],"exclusions":{},"inclusions":{},"unusedAttrsVertical":85,"autoSortUnusedAttrs":false,"inclusionsInfo":{},"aggregatorName":"频数","rendererName":"表格"}', FALSE);
INSERT INTO rpt_chart (id, report_id, title, chart_type, options, is_deleted) VALUES (2, 2, '仓库发货量', 'table', '{"derivedAttributes":{},"hiddenAttributes":[],"menuLimit":200,"cols":["年","月"],"rows":["仓库","存货分类"],"vals":["数量"],"exclusions":{"仓库":["null","传真纸仓库","次品仓库"]},"inclusions":{"仓库":["亚龙图纸仓库","亚龙复印纸仓库","亚龙打印纸仓库","国纸联复印纸库","国纸联打印纸库","旗舰办公耗材仓库","生活用纸仓库"]},"unusedAttrsVertical":85,"autoSortUnusedAttrs":false,"inclusionsInfo":{"仓库":["亚龙图纸仓库","亚龙复印纸仓库","亚龙打印纸仓库","国纸联复印纸库","国纸联打印纸库","旗舰办公耗材仓库","生活用纸仓库"]},"aggregatorName":"求和","rendererName":"表格"}', FALSE);
INSERT INTO rpt_chart (id, report_id, title, chart_type, options, is_deleted) VALUES (3, 2, '上次查询', 'table', '{"derivedAttributes":{},"hiddenAttributes":[],"menuLimit":200,"cols":["月"],"rows":["客户简称","存货顶级分类","存货名称"],"vals":["数量"],"exclusions":{"客户经理":["公司","刘见","徐飞","苏月军","范哲","董富海"],"存货顶级分类":["亚龙传真纸类","亚龙图纸类","亚龙打印纸类","亚龙本册类","国纸联复印纸","国纸联打印纸","折扣","旗舰办公耗材类","生活用品类","金胜浦产品"]},"inclusions":{"客户经理":["李隆勋"],"存货顶级分类":["亚龙复印纸类","晨鸣复印纸"]},"unusedAttrsVertical":85,"autoSortUnusedAttrs":false,"inclusionsInfo":{"客户经理":["李隆勋"],"存货顶级分类":["亚龙复印纸类","晨鸣复印纸"]},"aggregatorName":"求和","rendererName":"表格"}', FALSE);
INSERT INTO rpt_chart (id, report_id, title, chart_type, options, is_deleted) VALUES (4, 2, '上次查询', 'table', '{"derivedAttributes":{},"hiddenAttributes":[],"menuLimit":200,"cols":["月"],"rows":["客户简称","存货顶级分类","存货名称"],"vals":["数量"],"exclusions":{"客户经理":["刘见","范哲","董富海"],"存货顶级分类":["亚龙传真纸类","亚龙图纸类","亚龙打印纸类","国纸联复印纸","国纸联打印纸","折扣","旗舰办公耗材类","生活用品类"]},"inclusions":{"客户经理":["李隆勋"],"存货顶级分类":["亚龙复印纸类","晨鸣复印纸"]},"unusedAttrsVertical":85,"autoSortUnusedAttrs":false,"inclusionsInfo":{"客户经理":["李隆勋"],"存货顶级分类":["亚龙复印纸类","晨鸣复印纸"]},"aggregatorName":"求和","rendererName":"表格"}', FALSE);
INSERT INTO rpt_chart (id, report_id, title, chart_type, options, is_deleted) VALUES (5, 2, '上次查询', 'table', '{"derivedAttributes":{},"hiddenAttributes":[],"menuLimit":200,"cols":["月"],"rows":["客户简称","存货顶级分类","存货名称"],"vals":["数量"],"exclusions":{"客户经理":["公司","刘见","徐飞","苏月军","范哲","董富海"],"存货顶级分类":["亚龙传真纸类","亚龙图纸类","亚龙打印纸类","亚龙本册类","国纸联复印纸","国纸联打印纸","折扣","旗舰办公耗材类","生活用品类","金胜浦产品"]},"inclusions":{"客户经理":["李隆勋"],"存货顶级分类":["亚龙复印纸类","晨鸣复印纸"]},"unusedAttrsVertical":85,"autoSortUnusedAttrs":false,"inclusionsInfo":{"客户经理":["李隆勋"],"存货顶级分类":["亚龙复印纸类","晨鸣复印纸"]},"aggregatorName":"求和","rendererName":"表格"}', FALSE);
INSERT INTO rpt_chart (id, report_id, title, chart_type, options, is_deleted) VALUES (6, 2, '上次查询', 'table', '{"derivedAttributes":{},"hiddenAttributes":[],"menuLimit":200,"cols":["月"],"rows":["客户简称","存货顶级分类","存货名称"],"vals":["数量"],"exclusions":{"客户经理":["公司","刘见","徐飞","苏月军","范哲","董富海"],"存货顶级分类":["亚龙传真纸类","亚龙图纸类","亚龙打印纸类","亚龙本册类","国纸联复印纸","国纸联打印纸","折扣","旗舰办公耗材类","生活用品类","金胜浦产品"]},"inclusions":{"客户经理":["李隆勋"],"存货顶级分类":["亚龙复印纸类","晨鸣复印纸"]},"unusedAttrsVertical":85,"autoSortUnusedAttrs":false,"inclusionsInfo":{"客户经理":["李隆勋"],"存货顶级分类":["亚龙复印纸类","晨鸣复印纸"]},"aggregatorName":"求和","rendererName":"表格"}', FALSE);
INSERT INTO rpt_chart (id, report_id, title, chart_type, options, is_deleted) VALUES (7, 2, '上次查询', 'table', '{"derivedAttributes":{},"hiddenAttributes":[],"menuLimit":200,"cols":["月"],"rows":["客户简称","存货顶级分类","存货名称"],"vals":["数量"],"exclusions":{"存货顶级分类":["亚龙传真纸类","亚龙图纸类","亚龙打印纸类","亚龙本册类","国纸联复印纸","国纸联打印纸","折扣","旗舰办公耗材类","生活用品类","金胜浦产品"]},"inclusions":{"存货顶级分类":["亚龙复印纸类","晨鸣复印纸"]},"unusedAttrsVertical":85,"autoSortUnusedAttrs":false,"inclusionsInfo":{"存货顶级分类":["亚龙复印纸类","晨鸣复印纸"]},"aggregatorName":"求和","rendererName":"表格"}', FALSE);
INSERT INTO rpt_chart (id, report_id, title, chart_type, options, is_deleted) VALUES (8, 2, '上次查询', 'table', '{"derivedAttributes":{},"hiddenAttributes":[],"menuLimit":200,"cols":["月"],"rows":["客户简称","存货顶级分类","存货名称"],"vals":["数量"],"exclusions":{"客户经理":["公司","刘见","徐飞","苏月军","范哲","董富海"],"存货顶级分类":["亚龙传真纸类","亚龙图纸类","亚龙打印纸类","亚龙本册类","国纸联复印纸","国纸联打印纸","折扣","旗舰办公耗材类","生活用品类","金胜浦产品"]},"inclusions":{"客户经理":["李隆勋"],"存货顶级分类":["亚龙复印纸类","晨鸣复印纸"]},"unusedAttrsVertical":85,"autoSortUnusedAttrs":false,"inclusionsInfo":{"客户经理":["李隆勋"],"存货顶级分类":["亚龙复印纸类","晨鸣复印纸"]},"aggregatorName":"求和","rendererName":"表格"}', FALSE);
INSERT INTO rpt_chart (id, report_id, title, chart_type, options, is_deleted) VALUES (9, 2, '上次查询', 'table', '{"derivedAttributes":{},"hiddenAttributes":[],"menuLimit":200,"cols":["月","年"],"rows":["联系人","客户简称","存货顶级分类","存货名称"],"vals":["数量"],"exclusions":{"月":["10","11","12"],"存货顶级分类":["亚龙工程纸","亚龙打印纸","国纸联打印纸","彩色复印纸","折扣","晨鸣复印纸","生活用纸","金胜浦复印纸"]},"inclusions":{"月":["1","2","3","4","5","6","7","8","9"],"存货顶级分类":["亚太复印纸","亚龙复印纸"]},"unusedAttrsVertical":85,"autoSortUnusedAttrs":false,"inclusionsInfo":{"月":["1","2","3","4","5","6","7","8","9"],"存货顶级分类":["亚太复印纸","亚龙复印纸"]},"aggregatorName":"求和","rendererName":"表格"}', FALSE);
INSERT INTO rpt_chart (id, report_id, title, chart_type, options, is_deleted) VALUES (10, 2, '上次查询', 'table', '{"derivedAttributes":{},"hiddenAttributes":[],"menuLimit":200,"cols":["月","年"],"rows":["客户简称","存货分类"],"vals":["数量"],"exclusions":{"存货分类":["APP晴空蓝复印纸","三星旗舰复印纸","小钢炮彩色复印纸","生活类"]},"inclusions":{"存货分类":["二星旗舰复印纸","未来世界复印纸"]},"unusedAttrsVertical":85,"autoSortUnusedAttrs":false,"inclusionsInfo":{"存货分类":["二星旗舰复印纸","未来世界复印纸"]},"aggregatorName":"求和","rendererName":"表格"}', FALSE);
INSERT INTO rpt_chart (id, report_id, title, chart_type, options, is_deleted) VALUES (11, 2, '上次查询', 'table', '{"derivedAttributes":{},"hiddenAttributes":[],"menuLimit":200,"cols":["\u6708"],"rows":["\u5ba2\u6237\u7b80\u79f0","\u5b58\u8d27\u9876\u7ea7\u5206\u7c7b","\u5b58\u8d27\u540d\u79f0"],"vals":["\u6570\u91cf"],"exclusions":{"\u5ba2\u6237\u7ecf\u7406":["\u516c\u53f8","\u5218\u89c1","\u5b59\u8bb8\u94ed","\u5f20\u660a\u660a","\u5f20\u67ad","\u5f90\u98de","\u738b\u52a0\u58ee","\u7530\u94f6\u5802","\u827e\u5168","\u82cf\u6708\u519b","\u8303\u54f2","\u8463\u5bcc\u6d77","\u9f50\u817e\u98de"],"\u5b58\u8d27\u9876\u7ea7\u5206\u7c7b":["\u4e9a\u9f99\u4f20\u771f\u7eb8\u7c7b","\u4e9a\u9f99\u56fe\u7eb8\u7c7b","\u4e9a\u9f99\u6253\u5370\u7eb8\u7c7b","\u4e9a\u9f99\u672c\u518c\u7c7b","\u56fd\u7eb8\u8054\u590d\u5370\u7eb8","\u56fd\u7eb8\u8054\u6253\u5370\u7eb8","\u6298\u6263","\u65d7\u8230\u529e\u516c\u8017\u6750\u7c7b","\u751f\u6d3b\u7528\u54c1\u7c7b","\u91d1\u80dc\u6d66\u4ea7\u54c1","\u94dc\u7248\u7eb8"]},"inclusions":{"\u5ba2\u6237\u7ecf\u7406":["\u674e\u9686\u52cb"],"\u5b58\u8d27\u9876\u7ea7\u5206\u7c7b":["\u4e9a\u9f99\u590d\u5370\u7eb8\u7c7b","\u6668\u9e23\u590d\u5370\u7eb8"]},"unusedAttrsVertical":85,"autoSortUnusedAttrs":false,"inclusionsInfo":{"\u5ba2\u6237\u7ecf\u7406":["\u674e\u9686\u52cb"],"\u5b58\u8d27\u9876\u7ea7\u5206\u7c7b":["\u4e9a\u9f99\u590d\u5370\u7eb8\u7c7b","\u6668\u9e23\u590d\u5370\u7eb8"]},"aggregatorName":"\u6c42\u548c","rendererName":"\u8868\u683c"}', FALSE);
INSERT INTO rpt_chart (id, report_id, title, chart_type, options, is_deleted) VALUES (12, 2, '上次查询', 'table', '{"derivedAttributes":{},"hiddenAttributes":[],"menuLimit":200,"cols":["月"],"rows":["客户简称","存货顶级分类","存货名称"],"vals":["数量"],"exclusions":{"客户经理":["公司","刘见","徐飞","苏月军","范哲","董富海"],"存货顶级分类":["亚龙图纸类","亚龙打印纸类","国纸联复印纸","国纸联打印纸","折扣","旗舰办公耗材类","生活用品类"]},"inclusions":{"客户经理":["李隆勋"],"存货顶级分类":["亚龙复印纸类","晨鸣复印纸"]},"unusedAttrsVertical":85,"autoSortUnusedAttrs":false,"inclusionsInfo":{"客户经理":["李隆勋"],"存货顶级分类":["亚龙复印纸类","晨鸣复印纸"]},"aggregatorName":"求和","rendererName":"表格"}', FALSE);
INSERT INTO rpt_chart (id, report_id, title, chart_type, options, is_deleted) VALUES (13, 2, '新格式1', 'table', '{"derivedAttributes":{},"hiddenAttributes":[],"menuLimit":200,"cols":["月"],"rows":["客户简称","存货顶级分类","存货名称"],"vals":["数量"],"exclusions":{"客户经理":["公司","刘见","徐飞","苏月军","范哲","董富海"],"存货顶级分类":["亚龙图纸类","亚龙打印纸类","国纸联复印纸","国纸联打印纸","折扣","旗舰办公耗材类","生活用品类"]},"inclusions":{"客户经理":["李隆勋"],"存货顶级分类":["亚龙复印纸类","晨鸣复印纸"]},"unusedAttrsVertical":85,"autoSortUnusedAttrs":false,"inclusionsInfo":{"客户经理":["李隆勋"],"存货顶级分类":["亚龙复印纸类","晨鸣复印纸"]},"aggregatorName":"求和","rendererName":"表格"}', FALSE);
INSERT INTO rpt_chart (id, report_id, title, chart_type, options, is_deleted) VALUES (14, 2, '上次查询', 'table', '{"derivedAttributes":{},"hiddenAttributes":[],"menuLimit":200,"cols":["月"],"rows":["客户简称","存货顶级分类","存货名称"],"vals":["数量"],"exclusions":{"客户经理":["公司","刘见","徐飞","李健","苏月军","范哲","董富海"],"存货顶级分类":["亚太复印纸","亚龙传真纸类","亚龙包装箱包装箱","亚龙复印纸","亚龙工程纸","亚龙打印纸","双胶纸","国纸联打印纸","弃用产品","彩色复印纸","折扣","收银纸类","生活用品","生活用纸","金盛打印纸","金胜浦复印纸"]},"inclusions":{"客户经理":["李隆勋"],"存货顶级分类":["晨鸣复印纸"]},"unusedAttrsVertical":85,"autoSortUnusedAttrs":false,"inclusionsInfo":{"客户经理":["李隆勋"],"存货顶级分类":["晨鸣复印纸"]},"aggregatorName":"求和","rendererName":"表格"}', FALSE);
INSERT INTO rpt_chart (id, report_id, title, chart_type, options, is_deleted) VALUES (15, 2, '上次查询', 'table', '{"derivedAttributes":{},"hiddenAttributes":[],"menuLimit":200,"cols":[],"rows":["仓库"],"vals":[],"exclusions":{},"inclusions":{},"unusedAttrsVertical":85,"autoSortUnusedAttrs":false,"inclusionsInfo":{},"aggregatorName":"频数","rendererName":"表格"}', FALSE);
INSERT INTO rpt_chart (id, report_id, title, chart_type, options, is_deleted) VALUES (16, 3, '上次查询', 'table', '{"derivedAttributes":{},"hiddenAttributes":[],"menuLimit":200,"cols":[],"rows":["客户经理","地区","数量"],"vals":["数量"],"exclusions":{"存货顶级分类":["亚龙传真纸类","亚龙包装箱","亚龙图纸类","亚龙打印纸类","国纸联复印纸","折扣","收银纸","旗舰办公耗材类","晨鸣复印纸","滞销品","生活用品类","金华盛打印纸"]},"inclusions":{"存货顶级分类":["亚龙复印纸类"]},"unusedAttrsVertical":85,"autoSortUnusedAttrs":false,"inclusionsInfo":{"存货顶级分类":["亚龙复印纸类"]},"aggregatorName":"列出非重复值","rendererName":"表格"}', FALSE);
INSERT INTO rpt_chart (id, report_id, title, chart_type, options, is_deleted) VALUES (17, 3, '新格式', 'table', '{"derivedAttributes":{},"hiddenAttributes":[],"menuLimit":200,"cols":[],"rows":["客户经理","地区"],"vals":[],"exclusions":{"年":["2016"],"存货顶级分类":["亚龙传真纸类","亚龙包装箱","亚龙图纸类","亚龙打印纸类","国纸联复印纸","折扣","收银纸","旗舰办公耗材类","晨鸣复印纸","滞销品","生活用品类","金华盛打印纸"]},"inclusions":{"存货顶级分类":["亚龙复印纸类"]},"unusedAttrsVertical":85,"autoSortUnusedAttrs":false,"inclusionsInfo":{"存货顶级分类":["亚龙复印纸类"]},"aggregatorName":"频数","rendererName":"表格"}', FALSE);
INSERT INTO rpt_chart (id, report_id, title, chart_type, options, is_deleted) VALUES (18, 3, '上次查询', 'table', '{"derivedAttributes":{},"hiddenAttributes":[],"menuLimit":200,"cols":["月"],"rows":["存货分类","客户简称","存货顶级分类"],"vals":["数量"],"exclusions":{"存货顶级分类":["亚龙传真纸类","亚龙包装箱","亚龙图纸类","亚龙彩喷/高光相纸类","亚龙打印纸类","亚龙本册类","国纸联复印纸","彩激纸","折扣","旗舰办公耗材类","生活用品类"]},"inclusions":{"存货顶级分类":["亚龙复印纸类","晨鸣复印纸"]},"unusedAttrsVertical":85,"autoSortUnusedAttrs":false,"inclusionsInfo":{"存货顶级分类":["亚龙复印纸类","晨鸣复印纸"]},"aggregatorName":"求和","rendererName":"表格"}', FALSE);
INSERT INTO rpt_chart (id, report_id, title, chart_type, options, is_deleted) VALUES (19, 3, '上次查询', 'table', '{"derivedAttributes":{},"hiddenAttributes":[],"menuLimit":200,"cols":["月"],"rows":["客户简称","存货顶级分类","存货分类"],"vals":["数量"],"exclusions":{"地区":["临沂市","威海市","德州市","日照市","枣庄市","泰安市","济宁市","淄博市","滨州市","潍坊市","烟台市","聊城市","莱芜市","菏泽市","郑州市","青岛市"],"存货顶级分类":["亚龙传真纸类","亚龙包装箱","亚龙图纸类","亚龙打印纸类","亚龙本册类","国纸联复印纸","国纸联打印纸","折扣","收银纸","旗舰办公耗材类","生活用品类","金华盛打印纸","金胜浦产品"]},"inclusions":{"地区":["东营市"],"存货顶级分类":["亚龙复印纸类","晨鸣复印纸"]},"unusedAttrsVertical":85,"autoSortUnusedAttrs":false,"inclusionsInfo":{"地区":["东营市"],"存货顶级分类":["亚龙复印纸类","晨鸣复印纸"]},"aggregatorName":"求和","rendererName":"表格"}', FALSE);
INSERT INTO rpt_chart (id, report_id, title, chart_type, options, is_deleted) VALUES (20, 3, '上次查询', 'table', '{"derivedAttributes":{},"hiddenAttributes":[],"menuLimit":200,"cols":["月"],"rows":["地区","客户简称","存货名称"],"vals":["数量"],"exclusions":{"存货顶级分类":["亚太复印纸","亚龙复印纸复印纸","亚龙工程纸","亚龙打印纸","国纸联打印纸","彩色复印纸","折扣","晨鸣复印纸","生活用品","生活用纸"],"存货分类":["a度复印纸","COPY&LASER复印纸","IK PLUS(non PEEC)复印纸","一品绿复印纸","三星小钢炮复印纸","三星旗舰复印纸","二星旗舰复印纸","五星旗舰复印纸","亚太森博(B/K型)通用包","优仕复印纸","全通复印纸","旗兵复印纸","旗舰工程绘图纸","未来世界打印纸","炫彩高品乐复印纸","爱仕复印纸","特级红旗舰复印纸","生活用品","生活用纸","百顺复印纸","益纸赞复印纸","经典小钢炮复印纸","至冠复印纸","至冠彩激纸","销售折扣"]},"inclusions":{"存货分类":["(G)飞碟打印纸","BMO复印纸","Clearance IK ECO复印纸","LAZER复印纸","ZAP复印纸","丽雅复印纸","冲击波复印纸","博雅复印纸","善印复印纸","复智复印纸","多利复印纸","天剑复印纸","太空人复印纸","如佳复印纸","小钢炮彩色复印纸","尖兵复印纸","广利复印纸","战神复印纸","旗舰彩色复印纸","星际战舰复印纸","未来世界复印纸","柏洋复印纸","标兵复印纸","清风复印纸","碧云天复印纸","祥云复印纸","精品全通复印纸","绿色城堡打印纸","绿铭洋复印纸","蓝旗舰复印纸","蓝晨鸣复印纸","金旗舰复印纸","金晨鸣复印纸","金铭洋复印纸","雪莲复印纸","青松复印纸","鳄鱼微笑复印纸","鳄鱼微笑打印纸","黄金搭档复印纸"]},"unusedAttrsVertical":85,"autoSortUnusedAttrs":false,"inclusionsInfo":{"存货分类":["(G)飞碟打印纸","BMO复印纸","Clearance IK ECO复印纸","LAZER复印纸","ZAP复印纸","丽雅复印纸","冲击波复印纸","博雅复印纸","善印复印纸","复智复印纸","多利复印纸","天剑复印纸","太空人复印纸","如佳复印纸","小钢炮彩色复印纸","尖兵复印纸","广利复印纸","战神复印纸","旗舰彩色复印纸","星际战舰复印纸","未来世界复印纸","柏洋复印纸","标兵复印纸","清风复印纸","碧云天复印纸","祥云复印纸","精品全通复印纸","绿色城堡打印纸","绿铭洋复印纸","蓝旗舰复印纸","蓝晨鸣复印纸","金旗舰复印纸","金晨鸣复印纸","金铭洋复印纸","雪莲复印纸","青松复印纸","鳄鱼微笑复印纸","鳄鱼微笑打印纸","黄金搭档复印纸"]},"aggregatorName":"求和","rendererName":"表格"}', FALSE);
INSERT INTO rpt_chart (id, report_id, title, chart_type, options, is_deleted) VALUES (21, 3, '上次查询', 'table', '{"derivedAttributes":{},"hiddenAttributes":[],"menuLimit":200,"cols":[],"rows":[],"vals":[],"exclusions":{"年":["2012","2013","2014","2015"],"月":["1","2","3","4","5"],"地区":["东营市","临沂市","北京市","威海市","宁波市","山西省","徐州市","德州市","日照市","枣庄市","沧州市","泰安市","济宁市","淄博市","滨州市","烟台市","聊城市","莱芜市","菏泽市","西安市","郑州市","鄂尔多斯市","青岛市"],"存货分类编码":["0100","0101","0102","0103","0104","0106","0121","0122","0124","0125","0139","0140","0141","0142","0143","0144","0145","0146","0147","0148","0160","0161","0162","0163","0164","0165","0166","0167","0168","0169","0170","0171","0172","0173","0174","0175","0176","0177","0201","0202","0203","0204","0205","0206","0207","0208","0211","0212","0213","0214","0216","0217","0218","0219","0220","0221","0222","0223","0224","0225","0301","0302","0303","0401","0404","0501","0603","0604","0700","0701","0702","0703","0704","0705","0708","0709","0711","0714","0802","0901","41","1001","1102","1104","1107","1111","1112","1113","1114","1141","1183","1211","1212","1221","1222","1643","1644","1645","1646","1647","1648","1649","1652","1653","1660","1661","1662","1663","1664","2209","2302","5101","5102","5103","9801","9802","9803","9806","9807","9809","9810","9811","9812","9820","9823","9851"]},"inclusions":{"年":["2016"],"月":["6","7","8","9","10","11","12"],"地区":["潍坊市"],"存货分类编码":["0002"]},"unusedAttrsVertical":85,"autoSortUnusedAttrs":false,"inclusionsInfo":{"年":["2016"],"月":["6","7","8","9","10","11","12"],"地区":["潍坊市"],"存货分类编码":["0002"]},"aggregatorName":"频数","rendererName":"表格"}', FALSE);
INSERT INTO rpt_chart (id, report_id, title, chart_type, options, is_deleted) VALUES (22, 3, '上次查询', 'table', '{"derivedAttributes":{},"hiddenAttributes":[],"menuLimit":200,"cols":["月"],"rows":["客户简称","存货名称"],"vals":["数量"],"exclusions":{"存货名称":["(G)飞碟复印纸","三星红包装箱","三星红旗舰复印纸","三星蓝旗舰复印纸","乐透复印纸(昆)","互利复印纸(昆)","冲击波复印纸","博雅复印纸","善印复印纸","回音谷复印纸","太空人复印纸","太空人打印纸","太空人特规纸","如佳复印纸","小钢炮T恤","小钢炮传真纸","小钢炮彩印复印纸","小钢炮彩色复印纸","小钢炮收银纸","尖兵复印纸(昆)","幻象复印纸","广利复印纸(昆)","战神复印纸","指向复印纸","文悦复印纸","新清新百合盒抽","旗兵复印纸(昆)","旗舰包装箱","旗舰复印纸","旗舰天然描图纸","旗舰工程复印纸","旗舰工程绘图纸","旗舰彩激纸","旗舰彩色复印纸","旗舰打印纸","旗舰打印纸内塑料袋","旗舰特规纸","标兵复印纸(昆)","清风复印纸","特级红旗舰复印纸","碧云天复印纸","神盾复印纸","祥云复印纸","精兵复印纸(昆)","红旗舰包装箱","红旗舰打印纸","红旗舰打印纸内塑料袋","红旗舰特规纸","纯净复印纸","经济小钢炮复印纸","绿晨鸣复印纸","绿色城堡复印纸","绿铭洋复印纸","胡姬花花生油","蓝旗舰彩色复印纸","蓝旗舰打印纸","速利复印纸(昆)","金旗舰彩喷纸","金晨鸣复印纸","金荷复印纸","金铭洋复印纸","销售折扣(QT)","销售折扣(ZP)","高峰复印纸(昆)","鳄鱼微笑复印纸","鳄鱼微笑打印纸","鳄鱼微笑特规纸","黄金搭档打印纸","黄金搭档特规纸","（新）小钢炮彩色复印纸"]},"inclusions":{"存货名称":["绿色城堡打印纸","绿色城堡特规纸"]},"unusedAttrsVertical":85,"autoSortUnusedAttrs":false,"inclusionsInfo":{"存货名称":["绿色城堡打印纸","绿色城堡特规纸"]},"aggregatorName":"求和","rendererName":"表格"}', FALSE);
INSERT INTO rpt_chart (id, report_id, title, chart_type, options, is_deleted) VALUES (23, 3, '上次查询', 'table', '{"derivedAttributes":{},"hiddenAttributes":[],"menuLimit":200,"cols":[],"rows":[],"vals":[],"exclusions":{},"inclusions":{},"unusedAttrsVertical":85,"autoSortUnusedAttrs":false,"inclusionsInfo":{},"aggregatorName":"频数","rendererName":"表格"}', FALSE);
INSERT INTO rpt_chart (id, report_id, title, chart_type, options, is_deleted) VALUES (24, 10002, '上次查询', 'table', '{"derivedAttributes":{},"hiddenAttributes":[],"menuLimit":200,"cols":[],"rows":[],"vals":[],"exclusions":{},"inclusions":{},"unusedAttrsVertical":85,"autoSortUnusedAttrs":false,"inclusionsInfo":{},"aggregatorName":"频数","rendererName":"表格"}', FALSE);
INSERT INTO rpt_chart (id, report_id, title, chart_type, options, is_deleted) VALUES (25, 10002, '上次查询', 'table', '{"derivedAttributes":{},"hiddenAttributes":[],"menuLimit":200,"cols":[],"rows":[],"vals":["成本"],"exclusions":{"日期":["2017-02-01T00:00:00","2017-02-06T00:00:00","2017-02-07T00:00:00","2017-02-08T00:00:00","2017-02-09T00:00:00","2017-02-10T00:00:00","2017-02-11T00:00:00","2017-02-13T00:00:00","2017-02-14T00:00:00","2017-02-15T00:00:00","2017-02-16T00:00:00","2017-02-17T00:00:00","2017-02-18T00:00:00","2017-02-20T00:00:00","2017-02-21T00:00:00","2017-02-22T00:00:00","2017-02-23T00:00:00","2017-02-24T00:00:00"]},"inclusions":{"日期":["2017-02-25T00:00:00"]},"unusedAttrsVertical":85,"autoSortUnusedAttrs":false,"inclusionsInfo":{"日期":["2017-02-25T00:00:00"]},"aggregatorName":"求和","rendererName":"表格"}', FALSE);
INSERT INTO rpt_chart (id, report_id, title, chart_type, options, is_deleted) VALUES (26, 10002, '上次查询', 'table', '{"derivedAttributes":{},"hiddenAttributes":[],"menuLimit":200,"cols":[],"rows":[],"vals":["成本"],"exclusions":{},"inclusions":{},"unusedAttrsVertical":85,"autoSortUnusedAttrs":false,"inclusionsInfo":{},"aggregatorName":"求和","rendererName":"表格"}', FALSE);
INSERT INTO rpt_chart (id, report_id, title, chart_type, options, is_deleted) VALUES (27, 10002, '上次查询', 'table', '{"derivedAttributes":{},"hiddenAttributes":[],"menuLimit":200,"cols":[],"rows":[],"vals":["成本"],"exclusions":{},"inclusions":{},"unusedAttrsVertical":85,"autoSortUnusedAttrs":false,"inclusionsInfo":{},"aggregatorName":"求和","rendererName":"表格"}', FALSE);
INSERT INTO rpt_chart (id, report_id, title, chart_type, options, is_deleted) VALUES (28, 10002, '上次查询', 'table', '{"derivedAttributes":{},"hiddenAttributes":[],"menuLimit":200,"cols":[],"rows":["cWhName"],"vals":["Cost"],"exclusions":{},"inclusions":{},"unusedAttrsVertical":85,"autoSortUnusedAttrs":false,"inclusionsInfo":{},"aggregatorName":"求和","rendererName":"表格"}', FALSE);
INSERT INTO rpt_chart (id, report_id, title, chart_type, options, is_deleted) VALUES (29, 20002, '上次查询', 'table', '{"derivedAttributes":{},"hiddenAttributes":[],"menuLimit":200,"cols":[],"rows":["年月"],"vals":["数量"],"exclusions":{"年月":["2012-1","2012-2","2012-3","2012-4","2012-5","2012-6","2012-7","2012-8","2012-9","2012-10","2012-11","2012-12","2013-1","2013-2","2013-3","2013-4","2013-5","2013-6","2013-7","2013-8","2013-9","2013-10","2013-11","2013-12","2014-1","2014-2","2014-3","2014-4","2014-5","2014-6","2014-7","2014-8","2014-9","2014-10","2014-11","2014-12","2015-1","2015-2","2015-3","2015-4","2015-5","2015-6","2015-7","2015-8","2015-9","2015-10","2015-11","2015-12","2016-1","2016-2","2016-3","2016-4","2016-5","2016-9","2016-10","2016-11","2016-12","2017-1","2017-2","2017-3","2017-4","2017-5","2017-6","2017-7","2017-8","2017-9","2017-10","2017-11","2017-12","2018-1"]},"inclusions":{"年月":["2016-6","2016-7","2016-8"]},"unusedAttrsVertical":85,"autoSortUnusedAttrs":false,"inclusionsInfo":{"年月":["2016-6","2016-7","2016-8"]},"aggregatorName":"求和","rendererName":"表格"}', FALSE);
INSERT INTO rpt_chart (id, report_id, title, chart_type, options, is_deleted) VALUES (30, 30002, '上次查询', 'table', '{"derivedAttributes":{},"hiddenAttributes":[],"menuLimit":200,"cols":[],"rows":["存货编码","存货名称","存货型号","数量","单据编号"],"vals":["成本计算"],"exclusions":{"仓库编码":["0101","0103","0104","0105","0106","0201","0202","0301","0302","0401","05","06","07","08","0901","0902","49","50","52","53","54","1101","null"]},"inclusions":{"仓库编码":["51"]},"unusedAttrsVertical":85,"autoSortUnusedAttrs":false,"inclusionsInfo":{"仓库编码":["51"]},"aggregatorName":"求和","rendererName":"表格"}', FALSE);
INSERT INTO rpt_chart (id, report_id, title, chart_type, options, is_deleted) VALUES (31, 30002, '上次查询', 'table', '{"derivedAttributes":{},"hiddenAttributes":[],"menuLimit":200,"cols":[],"rows":[],"vals":["成本金额"],"exclusions":{"日期":["2025-06-01T00:00:00","2025-06-08T00:00:00"],"单据来源":["库存","期初","调拨","采购订单"]},"inclusions":{"日期":["2025-05-01T00:00:00","2025-05-04T00:00:00","2025-05-06T00:00:00","2025-05-07T00:00:00","2025-05-08T00:00:00","2025-05-09T00:00:00","2025-05-10T00:00:00","2025-05-12T00:00:00","2025-05-13T00:00:00","2025-05-14T00:00:00","2025-05-15T00:00:00","2025-05-16T00:00:00","2025-05-17T00:00:00","2025-05-19T00:00:00","2025-05-20T00:00:00","null"],"单据来源":["发货单"]},"unusedAttrsVertical":85,"autoSortUnusedAttrs":false,"inclusionsInfo":{"日期":["2025-05-01T00:00:00","2025-05-04T00:00:00","2025-05-06T00:00:00","2025-05-07T00:00:00","2025-05-08T00:00:00","2025-05-09T00:00:00","2025-05-10T00:00:00","2025-05-12T00:00:00","2025-05-13T00:00:00","2025-05-14T00:00:00","2025-05-15T00:00:00","2025-05-16T00:00:00","2025-05-17T00:00:00","2025-05-19T00:00:00","2025-05-20T00:00:00","null"],"单据来源":["发货单"]},"aggregatorName":"求和","rendererName":"表格"}', FALSE);
INSERT INTO rpt_chart (id, report_id, title, chart_type, options, is_deleted) VALUES (32, 30002, '上次查询', 'table', '{"derivedAttributes":{},"hiddenAttributes":[],"menuLimit":200,"cols":[],"rows":[],"vals":["结存金额"],"exclusions":{"日期":["2025-05-27T00:00:00","2025-06-01T00:00:00"],"仓库编码":["0101","0103","0104","0105","0106","0201","0202","03","0301","0302","0401","05","06","07","08","0901","0902","49","50","52","53","54","1101","null"]},"inclusions":{"日期":["2025-05-01T00:00:00","2025-05-04T00:00:00","2025-05-06T00:00:00","2025-05-07T00:00:00","2025-05-08T00:00:00","2025-05-09T00:00:00","2025-05-10T00:00:00","2025-05-12T00:00:00","2025-05-13T00:00:00","2025-05-14T00:00:00","2025-05-15T00:00:00","2025-05-16T00:00:00","2025-05-17T00:00:00","2025-05-19T00:00:00","2025-05-20T00:00:00","2025-05-21T00:00:00","2025-05-22T00:00:00","2025-05-23T00:00:00","2025-05-24T00:00:00","2025-05-26T00:00:00","2025-06-08T00:00:00","null"],"仓库编码":["51"]},"unusedAttrsVertical":85,"autoSortUnusedAttrs":false,"inclusionsInfo":{"日期":["2025-05-01T00:00:00","2025-05-04T00:00:00","2025-05-06T00:00:00","2025-05-07T00:00:00","2025-05-08T00:00:00","2025-05-09T00:00:00","2025-05-10T00:00:00","2025-05-12T00:00:00","2025-05-13T00:00:00","2025-05-14T00:00:00","2025-05-15T00:00:00","2025-05-16T00:00:00","2025-05-17T00:00:00","2025-05-19T00:00:00","2025-05-20T00:00:00","2025-05-21T00:00:00","2025-05-22T00:00:00","2025-05-23T00:00:00","2025-05-24T00:00:00","2025-05-26T00:00:00","2025-06-08T00:00:00","null"],"仓库编码":["51"]},"aggregatorName":"求和","rendererName":"表格"}', FALSE);
INSERT INTO rpt_chart (id, report_id, title, chart_type, options, is_deleted) VALUES (33, 30002, '上次查询', 'table', '{"derivedAttributes":{},"hiddenAttributes":[],"menuLimit":200,"cols":[],"rows":["仓库编码"],"vals":["成本计算"],"exclusions":{"仓库编码":["51","54","null"]},"inclusions":{"仓库编码":["0101","0103","0104","0105","0106","0201","0202","0301","0302","0401","05","06","07","08","0901","0902","50","52","53","1101"]},"unusedAttrsVertical":85,"autoSortUnusedAttrs":false,"inclusionsInfo":{"仓库编码":["0101","0103","0104","0105","0106","0201","0202","0301","0302","0401","05","06","07","08","0901","0902","50","52","53","1101"]},"aggregatorName":"求和","rendererName":"表格"}', FALSE);
INSERT INTO rpt_chart (id, report_id, title, chart_type, options, is_deleted) VALUES (34, 30002, '最新成本', 'table', '{"derivedAttributes":{},"hiddenAttributes":[],"menuLimit":200,"cols":[],"rows":["仓库编码","存货编码","存货名称","存货型号","成本单价"],"vals":["成本计算"],"exclusions":{"仓库编码":["53"]},"inclusions":{"仓库编码":["0101","0102","0103","0104","0105","0201","0202","0301","0401","05","06","07","08","0901","0902","49","50","52","1101"]},"unusedAttrsVertical":85,"autoSortUnusedAttrs":false,"inclusionsInfo":{"仓库编码":["0101","0102","0103","0104","0105","0201","0202","0301","0401","05","06","07","08","0901","0902","49","50","52","1101"]},"aggregatorName":"求和","rendererName":"表格"}', FALSE);
INSERT INTO rpt_chart (id, report_id, title, chart_type, options, is_deleted) VALUES (35, 30002, '上次查询', 'table', '{"derivedAttributes":{},"hiddenAttributes":[],"menuLimit":200,"cols":[],"rows":["仓库编码"],"vals":["成本计算"],"exclusions":{},"inclusions":{},"unusedAttrsVertical":85,"autoSortUnusedAttrs":false,"inclusionsInfo":{},"aggregatorName":"求和","rendererName":"表格"}', FALSE);
INSERT INTO rpt_chart (id, report_id, title, chart_type, options, is_deleted) VALUES (36, 30002, '成本单间', 'table', '{"derivedAttributes":{},"hiddenAttributes":[],"menuLimit":200,"cols":[],"rows":["仓库编码","存货编码","存货名称","存货型号","成本单价"],"vals":["成本计算"],"exclusions":{"仓库编码":["53"]},"inclusions":{"仓库编码":["0101","0102","0103","0104","0105","0201","0202","0301","0401","05","06","07","08","0901","0902","49","50","52","1101"]},"unusedAttrsVertical":85,"autoSortUnusedAttrs":false,"inclusionsInfo":{"仓库编码":["0101","0102","0103","0104","0105","0201","0202","0301","0401","05","06","07","08","0901","0902","49","50","52","1101"]},"aggregatorName":"求和","rendererName":"表格"}', FALSE);
INSERT INTO rpt_chart (id, report_id, title, chart_type, options, is_deleted) VALUES (37, 30002, '新格式', 'table', '{"derivedAttributes":{},"hiddenAttributes":[],"menuLimit":200,"cols":[],"rows":["仓库编码","存货编码","存货名称","存货型号","成本单价"],"vals":["成本计算"],"exclusions":{"仓库编码":["51","53","null"]},"inclusions":{"仓库编码":["0101","0102","0103","0104","0105","0201","0202","0301","0401","05","06","07","08","0901","0902","49","50","52","1101"]},"unusedAttrsVertical":85,"autoSortUnusedAttrs":false,"inclusionsInfo":{"仓库编码":["0101","0102","0103","0104","0105","0201","0202","0301","0401","05","06","07","08","0901","0902","49","50","52","1101"]},"aggregatorName":"求和","rendererName":"表格"}', FALSE);
INSERT INTO rpt_chart (id, report_id, title, chart_type, options, is_deleted) VALUES (38, 30003, '上次查询', 'table', '{"derivedAttributes":{},"hiddenAttributes":[],"menuLimit":200,"cols":[],"rows":[],"vals":[],"exclusions":{},"inclusions":{},"unusedAttrsVertical":85,"autoSortUnusedAttrs":false,"inclusionsInfo":{},"aggregatorName":"频数","rendererName":"表格"}', FALSE);
INSERT INTO rpt_chart (id, report_id, title, chart_type, options, is_deleted) VALUES (39, 30004, '上次查询', 'table', '{"derivedAttributes":{},"hiddenAttributes":[],"menuLimit":200,"cols":[],"rows":[],"vals":[],"exclusions":{},"inclusions":{},"unusedAttrsVertical":85,"autoSortUnusedAttrs":false,"inclusionsInfo":{},"aggregatorName":"频数","rendererName":"表格"}', FALSE);
INSERT INTO rpt_chart (id, report_id, title, chart_type, options, is_deleted) VALUES (40, 30006, '上次查询', 'table', '{"derivedAttributes":{},"hiddenAttributes":[],"menuLimit":200,"cols":[],"rows":[],"vals":["成本计算"],"exclusions":{"单据来源":["库存","期初","盘点","调拨","采购订单"]},"inclusions":{"单据来源":["发货单"]},"unusedAttrsVertical":85,"autoSortUnusedAttrs":false,"inclusionsInfo":{"单据来源":["发货单"]},"aggregatorName":"求和","rendererName":"表格"}', FALSE);
INSERT INTO rpt_chart (id, report_id, title, chart_type, options, is_deleted) VALUES (41, 30006, '上次查询', 'table', '{"derivedAttributes":{},"hiddenAttributes":[],"menuLimit":200,"cols":[],"rows":[],"vals":["成本金额"],"exclusions":{"日期":["2026-06-07T00:00:00"],"单据来源":["库存","期初","调拨","采购订单"]},"inclusions":{"日期":["2026-05-01T00:00:00","2026-05-06T00:00:00","2026-05-07T00:00:00","2026-05-08T00:00:00","2026-05-09T00:00:00","2026-05-11T00:00:00","2026-05-12T00:00:00","2026-05-13T00:00:00","2026-05-14T00:00:00","2026-05-15T00:00:00","2026-05-16T00:00:00","2026-05-18T00:00:00","2026-05-19T00:00:00","2026-05-20T00:00:00","2026-05-21T00:00:00","2026-05-22T00:00:00","2026-05-23T00:00:00","2026-05-25T00:00:00","2026-05-26T00:00:00","2026-05-27T00:00:00","2026-05-28T00:00:00","2026-05-29T00:00:00","null"],"单据来源":["发货单"]},"unusedAttrsVertical":85,"autoSortUnusedAttrs":false,"inclusionsInfo":{"日期":["2026-05-01T00:00:00","2026-05-06T00:00:00","2026-05-07T00:00:00","2026-05-08T00:00:00","2026-05-09T00:00:00","2026-05-11T00:00:00","2026-05-12T00:00:00","2026-05-13T00:00:00","2026-05-14T00:00:00","2026-05-15T00:00:00","2026-05-16T00:00:00","2026-05-18T00:00:00","2026-05-19T00:00:00","2026-05-20T00:00:00","2026-05-21T00:00:00","2026-05-22T00:00:00","2026-05-23T00:00:00","2026-05-25T00:00:00","2026-05-26T00:00:00","2026-05-27T00:00:00","2026-05-28T00:00:00","2026-05-29T00:00:00","null"],"单据来源":["发货单"]},"aggregatorName":"求和","rendererName":"表格"}', FALSE);
INSERT INTO rpt_chart (id, report_id, title, chart_type, options, is_deleted) VALUES (42, 30006, '上次查询', 'table', '{"derivedAttributes":{},"hiddenAttributes":[],"menuLimit":200,"cols":[],"rows":["仓库编码"],"vals":["成本计算"],"exclusions":{"仓库编码":["51","54"]},"inclusions":{"仓库编码":["0101","0103","0104","0105","0106","0201","0202","0301","0302","0401","05","06","07","08","0901","0902","50","52","53","1101","null"]},"unusedAttrsVertical":85,"autoSortUnusedAttrs":false,"inclusionsInfo":{"仓库编码":["0101","0103","0104","0105","0106","0201","0202","0301","0302","0401","05","06","07","08","0901","0902","50","52","53","1101","null"]},"aggregatorName":"求和","rendererName":"表格"}', FALSE);
INSERT INTO rpt_chart (id, report_id, title, chart_type, options, is_deleted) VALUES (43, 30006, '上次查询', 'table', '{"derivedAttributes":{},"hiddenAttributes":[],"menuLimit":200,"cols":[],"rows":[],"vals":["成本金额"],"exclusions":{"日期":["2026-06-07T00:00:00"],"单据来源":["库存","期初","采购订单"]},"inclusions":{"日期":["2026-05-01T00:00:00","2026-05-06T00:00:00","2026-05-07T00:00:00","2026-05-08T00:00:00","2026-05-09T00:00:00","2026-05-11T00:00:00","2026-05-12T00:00:00","2026-05-13T00:00:00","2026-05-14T00:00:00","2026-05-15T00:00:00","2026-05-16T00:00:00","2026-05-18T00:00:00","2026-05-19T00:00:00","2026-05-20T00:00:00","2026-05-21T00:00:00","2026-05-22T00:00:00","2026-05-23T00:00:00","2026-05-25T00:00:00","2026-05-26T00:00:00","2026-05-27T00:00:00","2026-05-28T00:00:00","2026-05-29T00:00:00","null"],"单据来源":["发货单"]},"unusedAttrsVertical":85,"autoSortUnusedAttrs":false,"inclusionsInfo":{"日期":["2026-05-01T00:00:00","2026-05-06T00:00:00","2026-05-07T00:00:00","2026-05-08T00:00:00","2026-05-09T00:00:00","2026-05-11T00:00:00","2026-05-12T00:00:00","2026-05-13T00:00:00","2026-05-14T00:00:00","2026-05-15T00:00:00","2026-05-16T00:00:00","2026-05-18T00:00:00","2026-05-19T00:00:00","2026-05-20T00:00:00","2026-05-21T00:00:00","2026-05-22T00:00:00","2026-05-23T00:00:00","2026-05-25T00:00:00","2026-05-26T00:00:00","2026-05-27T00:00:00","2026-05-28T00:00:00","2026-05-29T00:00:00","null"],"单据来源":["发货单"]},"aggregatorName":"求和","rendererName":"表格"}', FALSE);
INSERT INTO rpt_chart (id, report_id, title, chart_type, options, is_deleted) VALUES (44, 40004, '上次查询', 'table', '{"derivedAttributes":{},"hiddenAttributes":[],"menuLimit":200,"cols":[],"rows":[],"vals":["期末金额"],"exclusions":{},"inclusions":{},"unusedAttrsVertical":85,"autoSortUnusedAttrs":false,"inclusionsInfo":{},"aggregatorName":"求和","rendererName":"表格"}', FALSE);
INSERT INTO rpt_chart (id, report_id, title, chart_type, options, is_deleted) VALUES (45, 40004, '上次查询', 'table', '{"derivedAttributes":{},"hiddenAttributes":[],"menuLimit":200,"cols":[],"rows":[],"vals":["期末金额"],"exclusions":{},"inclusions":{},"unusedAttrsVertical":85,"autoSortUnusedAttrs":false,"inclusionsInfo":{},"aggregatorName":"求和","rendererName":"表格"}', FALSE);
INSERT INTO rpt_chart (id, report_id, title, chart_type, options, is_deleted) VALUES (46, 40005, '上次查询', 'table', '{"derivedAttributes":{},"hiddenAttributes":[],"menuLimit":200,"cols":[],"rows":["仓库编码"],"vals":["期末金额"],"exclusions":{"仓库编码":["0106","0302","51","53","55","61","5501","5504","5505"]},"inclusions":{"仓库编码":["0101","0102","0103","0104","0105","0201","0202","0301","0401","05","06","07","08","0901","0902","49","50","52","1101"]},"unusedAttrsVertical":85,"autoSortUnusedAttrs":false,"inclusionsInfo":{"仓库编码":["0101","0102","0103","0104","0105","0201","0202","0301","0401","05","06","07","08","0901","0902","49","50","52","1101"]},"aggregatorName":"求和","rendererName":"表格"}', FALSE);
INSERT INTO rpt_chart (id, report_id, title, chart_type, options, is_deleted) VALUES (47, 40005, '上次查询', 'table', '{"derivedAttributes":{},"hiddenAttributes":[],"menuLimit":200,"cols":[],"rows":["仓库编码"],"vals":["期末金额"],"exclusions":{"仓库编码":["51"],"仓库名称":["厂家仓库"]},"inclusions":{"仓库编码":["0101","0103","0104","0105","0106","0201","0202","03","0301","0302","0401","05","06","07","08","0901","0902","50","52","53","54","1101"],"仓库名称":["hsy库","亚太复印纸仓库","亚龙图纸仓库","亚龙复印纸仓库","亚龙彩激纸仓库","亚龙打印纸仓库","传真纸仓库","其他复印纸仓库","包装箱仓库","国纸联图纸仓库","国纸联打印纸库","图纸仓库","彩喷纸/高光相纸仓库","旗舰办公耗材仓库","晨鸣复印纸","本册仓库","次品仓库","生活用纸仓库","进口品复印纸仓库","金胜浦复印纸仓库","金胜浦打印纸仓库","隐藏仓库"]},"unusedAttrsVertical":85,"autoSortUnusedAttrs":false,"inclusionsInfo":{"仓库编码":["0101","0103","0104","0105","0106","0201","0202","03","0301","0302","0401","05","06","07","08","0901","0902","50","52","53","54","1101"],"仓库名称":["hsy库","亚太复印纸仓库","亚龙图纸仓库","亚龙复印纸仓库","亚龙彩激纸仓库","亚龙打印纸仓库","传真纸仓库","其他复印纸仓库","包装箱仓库","国纸联图纸仓库","国纸联打印纸库","图纸仓库","彩喷纸/高光相纸仓库","旗舰办公耗材仓库","晨鸣复印纸","本册仓库","次品仓库","生活用纸仓库","进口品复印纸仓库","金胜浦复印纸仓库","金胜浦打印纸仓库","隐藏仓库"]},"aggregatorName":"求和","rendererName":"表格"}', FALSE);
INSERT INTO rpt_chart (id, report_id, title, chart_type, options, is_deleted) VALUES (48, 40005, '上次查询', 'table', '{"derivedAttributes":{},"hiddenAttributes":[],"menuLimit":200,"cols":[],"rows":[],"vals":[],"exclusions":{},"inclusions":{},"unusedAttrsVertical":85,"autoSortUnusedAttrs":false,"inclusionsInfo":{},"aggregatorName":"频数","rendererName":"表格"}', FALSE);
SELECT setval('rpt_chart_id_seq', 48, true);

COMMIT;
